id,first_name,last_name,age,address
1,Tammy,Mccoy,27,74772 Brown Meadow Suite 925
2,Natasha,French,25,164 Michael Gardens
3,William,Brown,22,76152 Peters Villages
4,Lisa,Thomas,24,22816 Charles Orchard
5,Christian,Hernandez,21,268 Rodriguez Meadows
6,Holly,Ford,24,25807 Curtis Rapid
7,Laura,Bush,20,4538 Kristine Unions
8,Dominique,Medina,20,8631 Darren Flats Suite 806
9,Roy,Hendricks,26,12043 Baker Island
10,Jennifer,Williams,20,0022 Singh Pines
11,Alexander,Cruz,18,249 Jackson Burg Suite 086
12,Carla,Doyle,23,316 Gaines Extensions Suite 710
13,David,Allen,21,281 Jeremy Land
14,Danielle,Hicks,23,4808 Renee Manor Apt. 311
15,Seth,Brooks,25,510 Hendrix Knolls
16,Jeffrey,Phillips,20,267 Betty Mission
17,Mary,Ritter,18,21814 Robert Way
18,Tara,Baldwin,18,8557 Simmons Trafficway Suite 056
19,Emily,Wong,22,19322 Susan Curve
20,Stephanie,Fry,24,28240 Jamie Tunnel
21,Tracy,Franco,24,11528 Fox Village Suite 174
22,Alexander,Perez,23,037 Stephanie Motorway
23,Thomas,Duran,18,9733 Johnson Villages Apt. 314
24,Natalie,Hutchinson,24,12319 David Forges Apt. 157
25,Robin,Thomas,25,407 Walker Square Apt. 975
26,Perry,Marks,26,690 Christopher Plains
27,Colleen,Johnson,19,435 Campbell Loaf
28,Jeffery,Williams,23,24334 Douglas Locks
29,Travis,Cabrera,19,45949 Parker Burgs
30,Kimberly,King,26,5600 Eric Mission Suite 887
31,Mark,Foster,27,7703 Bryan Lodge Suite 643
32,Lindsay,Griffin,24,2467 Davis Ramp
33,Hunter,Porter,26,61424 Laura Corner
34,Albert,Livingston,18,514 Raymond Hill
35,Thomas,Mercado,26,18544 Barbara Village
36,Brenda,Johnson,22,968 Pedro Ramp
37,Samuel,Phillips,27,28218 Cameron Prairie
38,Kenneth,Tate,25,426 Rita Tunnel
39,Alexander,Jimenez,20,68849 Stephens Passage Suite 571
40,Paul,Edwards,21,13478 Lee Lock
41,Christopher,Weber,25,932 Hill Trail Apt. 554
42,Larry,Crawford,20,634 Andrew Road
43,Daniel,David,25,8237 Johnson Mews
44,Sheila,Clark,21,88461 Hurst Radial
45,Denise,Burns,26,585 Alexander Rapid
46,Robert,Taylor,23,759 Alexander Forges
47,Lisa,Dyer,19,41262 Harper Mall
48,Patricia,Hart,18,093 Grimes Views Suite 008
49,Emily,Cortez,27,81561 Stephanie Bridge
50,Linda,Johnson,19,59231 Gonzalez Views
51,John,Andrade,23,992 Elizabeth Estates
52,Andrea,Gardner,20,34504 Melissa Haven
53,Jennifer,Jones,21,74188 Ellis Plains Apt. 752
54,Paula,Williams,22,11503 King Spur Apt. 210
55,Juan,Dixon,27,41897 Jill Ford
56,Jeffrey,Barr,24,970 Jacqueline Rest
57,Jonathan,Mitchell,22,49985 Hurley Light
58,Zachary,Leonard,18,095 Maurice Plains Suite 924
59,Christina,Mitchell,25,89208 Harrison Street Apt. 593
60,Richard,Savage,21,20304 Garcia Rest
61,Charles,Santiago,27,163 Pamela Course Suite 515
62,Charles,Arnold,26,541 Powers Club Apt. 012
63,Jennifer,Sweeney,21,95106 Sanchez Island Suite 090
64,Scott,Lopez,26,70934 Nichole Cape
65,Tanya,Perez,22,13102 Gentry Orchard
66,Lindsey,Pratt,19,80433 Gonzalez Pass Apt. 316
67,Justin,Burnett,22,96757 Michelle Via
68,Tracy,Rojas,23,88522 Herrera Rue Suite 743
69,Jasmine,Hughes,24,9430 Brian Mount Apt. 829
70,Jacob,Marks,21,233 Gallegos Locks
71,Devin,King,23,475 Melissa Fall Apt. 457
72,Morgan,Moore,26,69902 Brandy Brooks Suite 664
73,Kevin,Harrell,27,72880 Jaclyn Skyway
74,Danielle,Hughes,20,8766 Green Field Apt. 593
75,Theresa,Ortiz,19,63728 Vernon Islands Suite 461
76,Ryan,Daniels,21,7766 Julie Spurs Apt. 587
77,Jonathan,Le,27,0851 Alexandra Center Apt. 650
78,Dawn,Mckee,24,8650 Daniel Junctions Suite 861
79,Jill,Owen,18,4403 Jones River Apt. 826
80,Nicole,King,22,35530 Daniel Mountains Apt. 895
81,Brittney,Rivers,21,31207 Rios Club Suite 752
82,Michael,Moore,18,5530 Mariah Lane
83,Patricia,Cannon,20,78616 Scott Vista
84,Michelle,Jones,19,7572 Monique Shoals
85,Michael,Ross,25,0926 Curry Neck
86,Veronica,Potts,23,07011 Garrett Turnpike Apt. 717
87,Ryan,Hopkins,24,22108 Andrew Ports Apt. 662
88,Guy,Rodriguez,19,867 Gray Knolls Suite 618
89,Corey,Sanchez,26,988 Richard Locks
90,Joshua,King,24,285 Bean Cove
91,Steven,Myers,27,9845 James Shores Suite 943
92,Kristen,Massey,26,64440 Diana Corners Suite 431
93,Jenna,Morgan,21,55960 Brandon View Suite 809
94,Alexander,Reeves,21,7951 Tyler Passage Apt. 218
95,Samantha,Gonzalez,19,74080 Frederick Prairie Suite 940
96,Shawn,Thomas,27,5115 Alexis Port
97,Claudia,Barnes,22,195 Joseph Brook Suite 557
98,Joseph,Blair,18,25164 Hardin Way Suite 223
99,Ashley,Melton,23,1401 Miller Avenue
100,Todd,Martin,27,60503 Nicole Drives
101,Nancy,Holmes,25,099 Sheila Alley
102,Christopher,Mann,24,847 Bryan Center
103,Karen,Robinson,20,2454 Robertson Roads
104,Pamela,Hart,23,65547 Cunningham Motorway Suite 155
105,Ryan,Moss,20,60133 King View
106,Heather,Williams,22,968 William Cove Suite 639
107,Aaron,Cortez,18,67849 Kristy Heights Apt. 560
108,Thomas,Hernandez,24,55455 Samantha Well Suite 502
109,Mike,Reynolds,21,0405 Gonzalez Mission
110,Corey,Bradley,20,66845 Joseph Overpass Suite 328
111,Amber,Osborne,25,39052 Christina Station
112,David,Romero,18,7015 Dawson Walks
113,Darlene,Walton,27,20831 Henry Glen
114,Haley,Bryant,22,8688 Jason Lock Apt. 268
115,Eugene,Bruce,21,882 Mitchell Spurs Suite 062
116,James,Wood,18,06894 Richards Turnpike
117,Samantha,Pugh,22,48130 Nicholas Unions
118,Gregory,Brown,22,3620 Burton Divide Suite 293
119,Alan,Gilbert,21,275 Elizabeth Estate Apt. 189
120,Adam,Carpenter,19,0863 Amanda Points Apt. 298
121,Wesley,Williams,21,702 Paul Divide
122,George,Howard,26,1379 Daniel Greens
123,Victoria,Reyes,24,9506 Smith Circles
124,Susan,Hernandez,18,548 Allison Ferry
125,Brianna,Stanley,21,9809 Ryan Gateway Suite 869
126,Beth,Griffin,20,4860 Jesus Lakes
127,Daniel,Mcdowell,20,257 Cooper Ford Suite 934
128,Alex,Rivera,24,40661 William Coves
129,Steven,Ramirez,27,401 Kathryn Burgs Apt. 465
130,Amanda,Brown,27,3223 Cameron Wall
131,Christopher,Long,26,3565 Wendy Plains
132,Regina,Murray,22,3267 Morgan Point Apt. 367
133,John,Ramirez,18,884 Mario Hill Suite 162
134,Joseph,Martinez,20,1523 Valdez Landing
135,Patricia,Henderson,20,36065 Perez Green
136,Karen,Wilson,26,1641 Linda Squares
137,Lisa,Martinez,22,1062 Sherri Brooks Apt. 772
138,Peter,Perry,27,8447 Munoz Skyway
139,Tyler,Black,22,301 Brandon Ports
140,Erin,Alvarado,20,5399 Christine Junction
141,Barbara,Rodriguez,19,96694 Lynn Mews
142,Eric,Ryan,21,581 Brianna Extension Suite 054
143,Joseph,Hawkins,26,800 Margaret Trail Suite 650
144,Jean,Miller,19,13221 Lozano Divide Apt. 745
145,Michele,Alexander,23,9517 Boone Springs Suite 199
146,Evelyn,Johns,25,6899 Sullivan Shoal Suite 941
147,Ashley,Booker,24,5578 Brent Mall Suite 623
148,Wyatt,Thomas,26,1644 Williams Forks
149,Shannon,Hale,19,6919 Joe Street Suite 528
150,Amanda,Nelson,27,698 Thompson Plaza
151,Antonio,Arnold,26,436 Amber Ridge
152,Jeffrey,Vasquez,19,180 Margaret Flat Suite 184
153,Mary,Moore,23,25105 Payne Place Apt. 736
154,Jennifer,Stevens,22,500 Brittany Road
155,Jonathan,Bradley,22,79083 Henry Crossroad Apt. 905
156,Margaret,Chambers,21,1084 Michael Knoll Apt. 740
157,Lisa,Peterson,19,27850 Ward Cliff
158,Michael,Rodriguez,24,6673 Giles Loaf
159,Joyce,Davila,18,26045 Jason Roads Suite 254
160,Andrew,Johnson,19,729 Arnold Drive Suite 045
161,Jason,Griffin,27,108 Werner Fort
162,Gregory,Cain,25,1659 Jacqueline Freeway Apt. 833
163,Tara,Erickson,27,336 Sparks Mountains Apt. 405
164,Lisa,Thomas,25,67708 Pratt Overpass
165,Stacy,Garza,20,913 Wheeler Square
166,Duane,Mcintyre,19,78202 Cline Shoal
167,Jessica,Velazquez,25,58280 Luis Ports Suite 759
168,Robert,Grant,27,33116 Christopher Hills Apt. 353
169,Kirk,Adams,25,6332 Rodney Island Apt. 815
170,Sarah,Blanchard,22,2605 Jeremy Burg Apt. 156
171,Tammy,Price,22,4389 Chavez Station
172,Roger,David,26,869 Benton Orchard Suite 844
173,Heather,Hopkins,24,409 Laura Crossing
174,Karen,Parsons,27,72917 Kendra Corners Suite 689
175,Kristen,Kennedy,24,026 Carpenter Valley
176,Katherine,Dawson,21,6001 Thomas Mountains Suite 473
177,Louis,Alexander,26,8703 Molly Shores Suite 081
178,Michael,Velez,22,732 Hampton View
179,Robert,Sandoval,27,863 Mcconnell Loop Apt. 590
180,Nicholas,Zavala,25,352 Rachel Ridge
181,Kelly,Johnson,21,4931 Anthony Ways
182,Christopher,Anderson,26,525 Amber Rue Suite 961
183,Kimberly,Fernandez,24,553 Ashley Viaduct Apt. 301
184,Misty,Porter,18,9691 Amy Mountain
185,Brandon,Gomez,26,80315 Allen Meadows
186,Matthew,Miller,19,01324 Ford Summit
187,Kevin,Graves,18,0233 Williamson Tunnel Apt. 896
188,Eric,Watson,19,65699 Myers Pike
189,Ian,Carlson,23,219 Jessica Hill
190,Cindy,Chavez,27,7975 Pineda Lake
191,Morgan,Avila,25,100 Jackson Route Suite 555
192,Jessica,Brown,21,9138 Delacruz Glen Apt. 226
193,Nathan,Mullins,21,33690 Monique Unions
194,Ronald,Taylor,23,542 Vanessa Port Suite 373
195,Bradley,Walker,23,6673 Dalton Stravenue Suite 745
196,Linda,Wright,26,4473 Lutz Stravenue Suite 786
197,Amanda,Henry,20,2096 Anthony Mount Apt. 350
198,Gina,Sanford,20,492 Andrew Gardens
199,Jose,Espinoza,24,475 George Crossing Apt. 027
200,Chelsea,Leonard,21,2747 Ronald Plain Apt. 565
201,Daisy,Phillips,19,4576 Joseph Falls
202,Maria,Hoffman,22,6233 Brandon Port Apt. 043
203,Brandon,Thomas,21,73515 Bird Heights
204,Gregory,Flores,19,5084 Mary Grove Apt. 648
205,Michael,Bennett,18,613 House Center
206,Keith,Hernandez,27,18141 Nelson Club
207,Alejandro,Morton,26,997 Gabriel Union Suite 584
208,Vanessa,Thompson,19,245 Evans Ports
209,Bobby,Buchanan,21,0248 Russell Freeway Apt. 546
210,Richard,Morris,19,18321 Becker Isle Suite 635
211,Donald,Jones,20,66964 Boone Flat Apt. 075
212,Christian,Schmidt,27,24133 Montoya Ways Apt. 094
213,Vincent,Bailey,19,155 James Rapids Suite 450
214,Sean,Wheeler,26,7607 Gonzales Manors Apt. 104
215,Cheryl,Vargas,20,84414 Victor Estates
216,Marissa,Lambert,20,72379 Tina Street Apt. 238
217,Robert,Martinez,24,9415 Patrick Ville Apt. 856
218,Karla,Cruz,26,2612 Brooke Park
219,Levi,Gentry,22,519 Cole Knoll
220,Jessica,Roth,27,724 Butler Canyon Suite 849
221,Robin,Williams,23,2913 Walter Lakes Apt. 763
222,Lisa,Cohen,23,864 Middleton Walks Apt. 102
223,Steven,Miller,21,5206 Moore Walk Suite 591
224,William,Lee,19,3697 Thomas Burg
225,Kevin,Morales,19,9585 Martin Prairie Suite 848
226,Michael,Martin,23,603 Wade Land
227,Carlos,Graves,24,4320 Jones Lock Suite 977
228,Kevin,Coleman,25,3765 Walters Knolls Suite 230
229,Bradley,Wall,27,351 Harrison Stream Suite 173
230,Mark,Murphy,25,3689 Petersen Knolls Apt. 408
231,Victor,Powell,23,0427 Jonathan Lock
232,Shawn,Jackson,26,170 Evans Center
233,Allen,Crosby,27,4733 Lane Row Apt. 690
234,Nathan,Young,18,21167 Aaron Green Apt. 650
235,Marc,Nelson,21,2303 Vasquez Drives
236,Meredith,Petty,23,75053 Amy Landing Apt. 642
237,Mark,Patton,22,4631 Simpson Course Apt. 073
238,Lee,Vazquez,27,319 Thomas Flat
239,Anthony,Harrington,24,23442 Patricia Grove
240,Jacob,Fischer,24,10464 Jeffrey Plains
241,Michael,Powell,24,87486 Alan Pines Suite 833
242,Courtney,Brown,18,455 French Walk Suite 219
243,James,Peterson,22,9062 Elizabeth Island Apt. 212
244,Justin,Le,21,8880 Schroeder Mountains Apt. 081
245,Robert,Hunt,25,76983 Stephanie Junction Suite 897
246,Jamie,Bautista,21,539 Ashley Park
247,Megan,Chen,26,134 Crystal Springs
248,Aaron,Lee,27,6426 Connor Locks Suite 072
249,Jacqueline,Perez,25,6972 Maria Harbors Suite 471
250,Keith,Gibbs,24,4772 Knox Fall Apt. 347
251,Diane,Christian,22,162 Smith Isle Suite 236
252,Andrew,Davis,18,153 James Neck Apt. 204
253,Greg,Hendricks,18,0012 Cynthia Road Apt. 652
254,Brandi,Lane,24,8014 Victoria Ways
255,Douglas,Smith,24,799 Hill Viaduct Apt. 221
256,Bonnie,Morales,22,113 Samuel Shoals
257,Curtis,Golden,26,907 Christopher Valleys Suite 144
258,Thomas,Chang,23,7789 Robert Knoll Apt. 551
259,Aaron,Marshall,25,37264 Hailey Vista
260,Mary,Andrews,27,937 Cobb Summit
261,Alicia,Martinez,26,69205 Price Fort Suite 820
262,Maria,Rodriguez,20,645 Charles Lock Suite 758
263,Michael,Weaver,25,234 Melvin Trace Suite 239
264,Rachel,Wang,27,81711 Anderson Trace
265,Jason,Carlson,24,443 Ashley Trail
266,Natalie,Williams,18,68239 Wilcox Point
267,John,Jimenez,26,044 Moore Radial
268,Mary,Steele,20,62996 Kyle Valleys
269,Roberto,Richardson,27,362 Woods Point
270,Kaitlyn,Roach,24,149 Glenn Junction
271,Gregory,Craig,27,977 Anderson Mill
272,Michelle,Riggs,24,6767 Gina Square
273,Benjamin,Stout,27,7066 Michael Isle
274,Mary,Fisher,19,3071 Cheryl Valley
275,Keith,Perkins,18,261 Andrew Plaza
276,Philip,Hall,22,396 Jerry Villages
277,Alicia,Rivas,19,060 Smith Cape
278,Timothy,Davis,21,12857 Sheila Unions Suite 746
279,Thomas,Valentine,21,74823 Morrison Crossroad
280,Timothy,Morales,26,8302 Conrad Gateway Apt. 742
281,Mark,Dunn,19,63071 Morris Square
282,Lisa,Atkins,18,46648 Jillian Lane Apt. 494
283,Angela,Nguyen,24,2871 Thompson Mews
284,Charlotte,Williams,26,2187 Black Summit Apt. 006
285,Amy,Salinas,22,35965 John Cliffs
286,Brent,Harper,20,16867 Morse Prairie
287,Deborah,Contreras,27,831 Johnson Mountain
288,Sandra,Cameron,25,51534 Nicole Brooks Apt. 057
289,Haley,Wright,25,98797 Roberta Squares
290,Darlene,Houston,22,65752 Amy Junctions
291,Richard,Mitchell,18,1602 Sandra Stravenue Apt. 582
292,Alyssa,Frank,18,9998 John Cove
293,Anthony,Mcdonald,19,7044 Scott Unions
294,Christopher,King,21,916 Teresa Island Apt. 574
295,April,Ford,26,1488 Phillip Fall Suite 171
296,Christina,Brown,18,99048 Jennifer Summit Suite 528
297,Priscilla,Cervantes,24,61165 Simmons Track
298,Christopher,Marshall,22,1558 Olivia Path Suite 493
299,Robert,Salazar,21,53153 Brandy Brook Apt. 237
300,Roger,Melendez,25,085 Amy Spur
301,Kimberly,Acosta,19,0055 Isaac Track
302,Heather,Gibson,24,0350 Curtis Trafficway Apt. 393
303,Kevin,Clark,20,4049 Chen Ports Apt. 677
304,Bethany,Brown,21,00376 Todd Green Apt. 290
305,Tiffany,Rhodes,19,286 David Creek
306,Alicia,Anderson,27,459 Mary Trail
307,Timothy,Jackson,23,03493 Figueroa Streets
308,Melissa,Reyes,21,5194 Carroll Springs Suite 986
309,Austin,Flynn,23,971 Brown Trafficway
310,Erik,Perez,26,154 Douglas Fork Suite 124
311,David,Gilbert,24,8351 Crystal Mount Suite 944
312,Jennifer,Lowe,19,9835 Brenda Fall
313,Jacob,Hayes,27,5349 Tracy Plain
314,Linda,Boyd,18,72869 Zachary Road Apt. 373
315,Sarah,Marks,27,48135 Katrina Forest
316,Haley,Jones,25,57719 Kaitlin Highway Suite 198
317,David,Osborn,20,429 Devon Station Suite 153
318,Michael,Brady,24,34740 Boone Forge Apt. 441
319,Patricia,Hall,21,36493 Olivia Gardens
320,Elizabeth,Smith,23,9590 Monica Ford
321,Nicole,Gross,21,76371 David View
322,Megan,Elliott,22,1287 Johnson Valleys
323,Ian,Rich,26,8582 Winters Forks
324,Richard,Rowland,23,9594 Michael Shore
325,Vincent,Brown,26,698 Renee Ports
326,Charles,Arnold,26,7405 Keith Harbors Suite 003
327,Erica,Sullivan,21,66901 Herrera Hollow
328,Sheryl,Hernandez,23,7210 Haynes Valley
329,David,Beltran,18,99964 Richardson Forge Apt. 828
330,John,Valdez,18,5164 James Road Suite 747
331,Jennifer,Graham,23,80713 Butler Plaza Suite 611
332,Bianca,Edwards,18,4754 Nicole Highway Suite 510
333,Karina,Medina,21,431 Barbara Parkway Apt. 521
334,Emily,Taylor,20,170 Gonzalez Garden
335,Angela,Sanchez,19,66356 Jenny Road
336,Terry,Robinson,27,735 Green Glens Suite 920
337,Jaime,Bell,21,29615 Tony Turnpike
338,Stephanie,Osborne,26,731 Nelson Mill Apt. 308
339,Adam,Flores,19,6379 Alexis Plains Suite 368
340,Charles,Adams,18,63429 James Lakes Apt. 987
341,Troy,Fisher,23,3946 Jessica Radial
342,Jodi,Wheeler,21,88770 Amanda Square Suite 529
343,Dana,Hoffman,18,0653 Martin Springs
344,Barbara,Edwards,18,6298 Garner Parkways
345,Candace,Love,24,851 Evans Isle
346,Jennifer,Ford,25,2513 Hinton Station Suite 373
347,Zachary,Best,27,66711 Sherry Knoll Suite 907
348,Tina,Perez,20,83381 Brown Street Apt. 876
349,Chelsey,Baldwin,27,05309 Jessica Rapid Suite 735
350,Chelsea,Brennan,25,3275 Jerry Squares
351,Carl,Henry,18,2099 Kim Ridge Suite 305
352,Carl,Bates,18,55760 Cook Keys
353,Melanie,Mathis,23,979 Brown Forest Apt. 962
354,Geoffrey,Nelson,25,6751 Raymond Vista
355,Jennifer,Mcneil,20,5030 Brittany Junction
356,Denise,Huff,21,97492 Rivera Vista Suite 975
357,Jamie,Boyer,22,18952 Brenda Mount Suite 360
358,April,Jones,25,105 Blevins Locks
359,Andrew,King,24,214 Paul Drives Suite 745
360,Tammy,Young,21,97657 Williams Mount
361,Robert,Buckley,24,17866 Mcconnell Walk
362,James,Wright,27,18932 Jackson Curve Suite 267
363,Emily,Blanchard,21,4261 Wilkinson Springs Suite 771
364,Joseph,Compton,22,25069 Mercedes Ranch
365,Corey,Henderson,22,47006 Michelle Green
366,Matthew,Marquez,20,54499 Curtis Ville Suite 504
367,Michelle,Boyer,25,7994 Logan Court Suite 574
368,Jennifer,Gregory,20,98790 Jeremy Forest Suite 035
369,Cody,Ramirez,27,76549 Chambers Valley Apt. 818
370,Tracey,Calhoun,18,99293 Ruiz Forge
371,Gary,Torres,27,9809 Kevin Port Suite 421
372,Rebecca,Moran,19,612 Donna Field Apt. 523
373,Jonathan,Wilkerson,23,88784 Miller Village
374,Jessica,Cunningham,22,5418 Jonathon Terrace
375,Dawn,Henry,18,178 Martin Villages
376,Charles,Rodriguez,23,404 Andrews Fall
377,Travis,Mason,23,29415 Ricky Haven Suite 937
378,Timothy,Santos,27,8986 Jason Tunnel Apt. 298
379,Andrea,Gregory,26,688 Willis Loaf
380,Christina,Carter,27,750 Michelle Turnpike Apt. 588
381,Sarah,Ramirez,19,91063 Bradshaw Tunnel
382,Kristen,Barnett,26,675 Williams Manor
383,Kristen,Lara,25,38275 Scott Loop
384,Gina,Blackwell,20,333 Kaitlin Roads
385,Daryl,Powers,25,5475 Elizabeth Shoals
386,Mark,Hinton,25,15867 Phillips Run
387,Devin,Johnson,18,374 Newman Drive
388,Douglas,Martin,22,1933 Randy Square Apt. 810
389,Amy,Ferguson,22,5049 Victoria Expressway Suite 046
390,Michael,Nelson,26,87563 Timothy Junction
391,Grace,Byrd,20,4405 Gibbs Creek
392,Donna,Bruce,23,93838 Anderson Hills
393,Nicholas,Murray,25,544 King Spur Apt. 976
394,Jeffrey,Martinez,24,513 Matthew Pine Suite 335
395,Holly,Williamson,19,51281 Lori Parkways Apt. 538
396,Maria,Bullock,26,9323 Rogers Crest
397,Sarah,Munoz,22,1052 Lutz Spurs
398,Adam,Cain,19,4354 Thomas Roads Suite 800
399,Leah,Landry,26,1622 Jennifer Harbor
400,Jason,Hendrix,20,72308 Dean Lights
401,Sara,Andrews,19,497 Pitts Port Apt. 972
402,Lindsey,Munoz,21,3111 Thomas Valleys Suite 503
403,Ronald,Baird,22,25424 Christina Mountains Apt. 264
404,Carl,Coleman,27,23912 Miller Greens Apt. 736
405,Brandon,Osborne,20,76498 Carroll Dam
406,Stanley,Lester,21,316 Jerry Parkways Apt. 432
407,William,Frank,18,37194 Graham Mews
408,Caleb,Contreras,23,1272 Flores Groves
409,Chad,Joyce,20,358 Howell Vista Apt. 322
410,Ashley,Jordan,21,84780 Kim Squares Apt. 726
411,Johnny,Mullen,27,43458 Moore Alley
412,Donald,Rose,27,4176 Hudson Landing
413,Ronald,Moon,25,789 Burns Plain Suite 203
414,Jessica,Carr,22,02247 Lopez Plaza
415,Alejandra,Wolfe,23,487 Kathryn Mount
416,Curtis,Morgan,27,8690 Catherine Summit Suite 110
417,Shannon,Nichols,27,774 Avery Estates
418,Juan,Henderson,26,73195 Laura Ranch Apt. 516
419,Amanda,Sampson,20,425 Jonathan Turnpike
420,Maureen,Patrick,23,4081 Ray Walk
421,Diana,Brennan,24,60353 Perez Avenue
422,Amanda,Daniels,24,4462 Whitney Track
423,Michelle,Mclaughlin,20,5354 Keith Rapids Apt. 373
424,Kristen,Johnson,27,1246 Laura Views
425,Marie,Klein,21,41555 Trujillo Street Apt. 773
426,Lauren,Santana,27,7492 Bridges Cliff Apt. 880
427,Cody,Garcia,22,655 Robert Park Apt. 774
428,Karen,Wang,18,26926 Daniel Garden
429,Jacob,Larson,27,8230 Wood Crest
430,Seth,Giles,24,9860 Miller Extensions Apt. 855
431,Jose,Ware,26,54086 Joseph Estates
432,Wendy,Stevens,23,843 Jones Street Suite 817
433,Mitchell,Anderson,25,503 Garrett Shoals Apt. 642
434,Brett,Contreras,21,2795 Julie Street Suite 188
435,Stephanie,Martinez,20,272 Peck Gateway
436,Glenn,Perkins,21,881 Jenna Crest
437,Maria,Fletcher,19,9193 Chen Stravenue
438,Michael,Edwards,24,45216 Kerry Dale Apt. 745
439,Ashley,Norris,23,41595 Miller Locks
440,Susan,Miller,25,0283 Gardner River
441,Christopher,Abbott,19,0072 Cruz Ford Suite 419
442,Michaela,Clark,21,41320 Young Spring Suite 248
443,Brian,Webster,26,3697 Lucas Gardens
444,Michael,Richards,19,2293 Cynthia Forks Suite 278
445,Tamara,Cummings,23,9830 Gill Mews
446,Heather,Johnston,21,3802 Dorsey Rue
447,Nicholas,Barrett,23,06472 David Lock
448,Darlene,Underwood,18,980 Matthew River
449,Lisa,Schultz,21,35029 Stephen Row Suite 690
450,Melanie,Powell,26,994 Barrett Wells Suite 490
451,Tonya,Mckinney,22,854 Gilmore Light
452,Janet,Mcdonald,19,07613 Medina Spurs Suite 399
453,Kelly,Hernandez,19,1424 Lopez Well Suite 181
454,Amanda,Copeland,27,58284 Maldonado Drive
455,Donna,Molina,23,8887 Alicia Fall Apt. 644
456,Amanda,Barnes,26,966 Shannon Summit Apt. 783
457,Donald,Hart,22,23180 Barnes Lane Suite 438
458,Suzanne,Proctor,27,5147 Jason Islands Suite 829
459,Joseph,Walker,26,24359 Tiffany Spring
460,Thomas,Mathis,21,6350 Chad Wall
461,Ricky,Evans,24,561 Benson Terrace Suite 049
462,Rebecca,Taylor,21,6462 Ford Vista Apt. 811
463,Kayla,Ramirez,23,3897 Harrison Dam
464,Michael,Garcia,22,06598 Brittany Land
465,Stacie,Hunt,26,18228 Chris Road Apt. 669
466,Laura,Atkins,26,6804 Sanchez Shores Apt. 450
467,Michael,Gibson,27,93357 Ryan Trail
468,Joshua,Cisneros,24,53634 Kennedy Court
469,Susan,Gonzales,25,073 Patel Ranch Apt. 950
470,Brianna,Moore,27,8372 Pamela Hollow
471,James,Butler,18,37926 Shea Valleys Apt. 090
472,Jennifer,Bell,19,49584 Caldwell Ports Apt. 966
473,Kevin,Lang,19,589 Katherine Hollow Suite 109
474,Michael,Griffin,26,796 Derrick Rapids Suite 300
475,Carrie,Davis,26,377 Martinez Ferry Apt. 008
476,David,Robinson,27,8994 Patterson Course
477,Stephanie,Wiggins,23,6805 Diaz Village Suite 506
478,Aaron,Taylor,26,114 Short Walk
479,David,Allen,19,050 Jones Plain Apt. 183
480,Maurice,Brown,19,3607 Sawyer Green Apt. 988
481,Caitlin,Shaw,22,55422 Johnson Mountains Apt. 648
482,Ariel,Rogers,23,7370 Douglas Landing Suite 224
483,Jessica,Hernandez,22,737 Raymond Lock Apt. 336
484,Abigail,Perry,23,1028 Justin Crossroad
485,Isaac,Turner,19,50029 Melinda Drive Suite 748
486,Briana,Moore,24,899 Michelle Motorway Suite 921
487,Travis,Wilson,26,780 Peterson Trail
488,Samantha,Sullivan,21,5603 Park Mission Apt. 874
489,Kyle,Cunningham,18,17889 Lopez Alley
490,Michael,Silva,23,293 Gregory Inlet
491,Kimberly,Bradshaw,22,5352 Cox Bridge Suite 335
492,Jason,Turner,23,2455 Christine Shores Suite 471
493,Michelle,Nelson,24,3220 Weaver Lane
494,Michael,Johnson,22,3197 Rodriguez Lake
495,Joseph,Perez,25,81621 Norton Mission
496,Gina,Curry,27,012 Teresa Well
497,Lori,Ramos,18,99941 Cervantes Valleys Suite 290
498,Jennifer,Burns,25,42441 Michael Ways Apt. 698
499,Tracy,White,25,4522 Thornton Plains Suite 942
500,Samantha,Henry,26,75266 Castro Trace
501,Jason,Kim,18,72932 Johnson Plaza Suite 375
502,Steven,Hendrix,26,674 Bell Drive Apt. 943
503,Suzanne,Brewer,21,222 Patel Circles
504,Nicole,Murray,21,890 Martinez Radial Suite 639
505,Steven,Humphrey,24,4425 Kaitlyn Club
506,Kathleen,Huerta,25,45504 Garrett Flats
507,Lisa,Evans,23,29064 Cruz Hills Suite 789
508,Arthur,Harrell,20,433 Brittany Motorway Suite 857
509,Henry,Dixon,26,87100 Smith Glen Suite 815
510,Brittany,Barnett,18,2548 James Causeway
511,Tamara,Rodriguez,23,4597 Carson Heights Suite 993
512,Jill,Frost,22,0654 Barnes Forge Suite 977
513,Karen,Gibson,27,59241 Nichols Lodge Apt. 399
514,Ashley,Tran,27,538 Francisco Spring Apt. 923
515,Matthew,Hughes,27,9599 Evans Corner Suite 500
516,Tonya,Watts,27,9431 Wang Cape
517,Melissa,Hudson,27,867 Lopez Harbor Suite 432
518,Victoria,Rivera,27,199 Keller Ports
519,Rebecca,Hurst,27,70759 Michael Corner Suite 411
520,Matthew,Ferguson,19,313 Vickie Port
521,Ashley,Tucker,23,57753 Victoria Row Suite 258
522,Dwayne,Lewis,20,7140 Rodriguez Alley
523,Mike,Kline,18,5117 Pitts Street
524,Tammy,Merritt,27,991 Richard Park Suite 007
525,James,Santiago,20,965 Maria Harbor Apt. 668
526,Maria,Fields,21,404 Michael Crest Suite 018
527,Stacy,Gardner,27,28430 Ray Drives Suite 988
528,Diana,Perry,22,5085 Amber Pike Suite 919
529,Joshua,Robertson,26,32066 White Parkways
530,James,Ruiz,26,42078 Taylor Vista
531,Jennifer,Lewis,19,1433 Kevin Courts Apt. 025
532,Christina,Douglas,19,5685 Heather Crescent
533,Johnathan,Ramos,19,205 Patterson Union
534,Lauren,Chavez,20,74493 Andrew Ranch
535,Wesley,Ward,21,478 Sean Alley Suite 996
536,Lisa,Ritter,18,3117 Barnes Throughway
537,Michelle,Brown,19,25063 Cervantes Greens Suite 490
538,Kevin,Alvarez,25,63046 Leonard Route
539,Bethany,Garcia,20,7995 Watson Mission
540,Walter,Young,27,9804 Ferrell Trail
541,Amy,Miller,25,8458 Andrea Circles Suite 358
542,Victoria,Gray,24,40455 Foster Centers
543,James,Cox,19,02426 James Bridge
544,Heather,Lindsey,20,95981 Paul Via Suite 897
545,Nicole,Payne,19,539 Klein Lodge
546,Jodi,Sanders,22,5263 Smith Village Apt. 117
547,Daniel,Green,18,930 Curtis Lane Apt. 756
548,John,Chase,24,5487 James Village
549,Christine,Henry,27,38223 Elizabeth Bypass Suite 687
550,Sarah,Krueger,25,78393 Ward Locks
551,Caitlin,Hill,23,11885 Leah Land Apt. 157
552,Hannah,Clarke,27,901 Carter Mall
553,Kelly,Harris,19,970 Sean Pine Suite 820
554,Patricia,Schmidt,21,5165 Lyons Hill
555,Linda,Roberts,20,2415 Cohen Isle
556,Kaitlyn,Bowman,20,18890 Derek Ports Apt. 071
557,Briana,Willis,22,8885 White Point Apt. 529
558,Whitney,Cervantes,22,54353 Larry Burgs
559,Kyle,Jenkins,25,8727 Hicks Terrace
560,Veronica,Hale,21,62282 Amber Cliffs
561,Charles,Martinez,27,76955 Robert Turnpike Suite 255
562,Benjamin,Herman,24,686 Travis Bypass Suite 547
563,Tina,Pratt,20,65483 Kimberly Key
564,Garrett,Vargas,22,6538 Roger Mountain
565,Kimberly,Thomas,22,007 Soto Drives Apt. 632
566,Lauren,Holt,20,676 Carlson Rue Apt. 672
567,Christine,Mcgee,21,3693 Brown Lane
568,Michelle,Pennington,25,5163 Williams Brooks
569,Amanda,Ray,27,4061 Jenny Isle Apt. 477
570,Todd,Buchanan,23,3983 Chad Wells Suite 635
571,Kenneth,Schwartz,25,09658 Elizabeth Roads Apt. 546
572,Ashley,Monroe,19,167 Stacey Landing
573,Jordan,Green,20,0911 Johnson Ways Suite 261
574,Michael,Silva,24,21813 Jennifer Overpass Apt. 562
575,Dana,Sweeney,25,923 Jennifer Spring Apt. 311
576,Thomas,Lee,20,956 Lucas Mountains Apt. 788
577,Brandi,Mitchell,25,69172 Jennifer Prairie
578,Christina,Woods,22,7133 Jeffrey Isle
579,Gina,Cardenas,24,456 Waters Orchard
580,Michael,Rasmussen,21,7558 Robert Summit
581,Kyle,Brock,23,0547 Sean Radial
582,Jennifer,Sanders,18,9631 Charles Village Suite 344
583,Daniel,Glover,21,35650 Caldwell Ways
584,Austin,Graham,23,673 Trevor Cove Suite 195
585,Erik,Hart,24,2059 Johnson Oval
586,Christopher,Marshall,25,75020 Maria Drive
587,Kevin,Wolfe,19,0401 Gutierrez Rue
588,Sara,Barrera,26,28721 Christina Track Apt. 584
589,Mark,Marshall,23,647 Hall Forest Apt. 512
590,Trevor,Goodman,25,97092 Anna Cape Suite 723
591,Leslie,Anderson,25,39602 Amanda Valley
592,Ethan,Moore,25,141 Autumn Junctions Apt. 172
593,Cathy,Wilkinson,25,22779 Michelle Fords Apt. 588
594,Cindy,Garcia,26,5726 Francisco Rapids
595,Sharon,Rivers,23,07270 Williams Brook Apt. 968
596,Jesse,Schneider,23,37508 Freeman Manor
597,Meredith,Castro,27,876 Roberts Views Apt. 551
598,Brandon,Mills,26,071 Miranda Mission Apt. 622
599,Brad,Gonzalez,24,340 Jason Court Suite 787
600,Tracie,Perez,22,7580 Amanda Corners
601,Joshua,Hunt,22,4913 Johns Loop
602,Shawn,Gonzalez,26,671 David Shores Suite 093
603,Stephen,Martinez,19,242 Rangel Fork
604,Kaitlyn,Brown,26,70876 Baldwin Rest
605,Daniel,Griffin,18,2685 John Isle Suite 682
606,Tyler,Harrison,19,94378 Matthew Drive
607,Scott,Montgomery,18,3512 Paul Pines
608,Jose,Ortiz,18,10132 Joseph Meadows Apt. 022
609,Krystal,Malone,26,221 Haley Forges Apt. 703
610,Luis,Jones,23,81215 Garcia Summit
611,Emily,Young,21,843 Karina Key Suite 160
612,Derek,Martin,27,5259 Morales Crossing
613,Timothy,Morgan,25,5938 Brady Course Apt. 522
614,Justin,Powell,26,2587 Carpenter Underpass Suite 455
615,Jasmine,Turner,19,60327 Bailey Heights
616,Kimberly,Arnold,21,0995 Grant Mission
617,Lisa,Jones,25,94046 Samantha Drives Apt. 133
618,Tracey,Mercer,18,48966 Darren Dale
619,John,Moran,23,60776 Cody Run Apt. 018
620,Ann,Alvarez,24,646 Jeremy Bridge Suite 775
621,John,Hayes,27,132 Paul Alley
622,Ruth,Tran,18,249 Brittany Walks
623,Douglas,Prince,27,719 Courtney Via Apt. 924
624,Mackenzie,Vincent,22,4141 Gibson Plain
625,Jeffrey,Martin,26,88508 Jackson Lakes Suite 029
626,Connor,Perkins,27,857 Jacobs Ridges
627,David,Mcfarland,27,46915 David Heights Apt. 790
628,George,Lopez,24,73511 Carter Squares
629,Emily,Rodgers,20,272 Rachel Station
630,Lisa,Higgins,26,7809 Kayla Ways Suite 913
631,Melissa,Arias,18,997 Anne Island
632,John,Stevens,23,1830 Jonathan Shores Apt. 675
633,Natasha,Perry,22,9849 Samantha Square
634,Shawn,Williams,25,3475 Williams Unions Apt. 545
635,Jennifer,Browning,18,20265 Tucker Streets Apt. 565
636,William,Fox,19,61872 Jamie Trail
637,Lori,Mckee,19,364 Dana Falls
638,Matthew,Williams,27,266 Amanda Club Suite 715
639,Mario,Lucas,18,9040 Morrison Fall
640,Aaron,Rogers,27,137 Schroeder Mountains
641,Tony,Gonzalez,21,90504 Owens Stravenue
642,James,Jackson,27,945 Kristin Corners Suite 512
643,Jeffery,Wade,21,4780 Brown Mall
644,Daniel,Mitchell,27,2170 Rodriguez Ferry Suite 065
645,Jessica,Gonzalez,18,6894 Brianna Island Suite 541
646,William,Cooper,19,97054 Ian Isle Suite 789
647,Jeffrey,Patrick,21,5390 Pamela Mall
648,Frank,Stewart,19,2120 Wood Station Apt. 689
649,Troy,Rogers,24,2084 Peter Springs Suite 543
650,Angela,Vega,24,45233 Ashley Corners Suite 777
651,Joshua,Olsen,18,879 Ann Lights
652,Michaela,Mckenzie,23,9288 Heather Hills
653,Rachel,Nicholson,18,11078 Moore Locks
654,Jason,Johnson,26,93442 Morrison Light
655,Derek,Stone,25,76862 Miller Squares Suite 728
656,Michael,Hall,24,928 Tina Canyon Suite 230
657,Sean,Price,25,0658 Dale Club Apt. 741
658,Peter,Guerra,24,5930 Perez Road
659,Patricia,Salas,18,894 Scott Garden Suite 580
660,Ryan,Mclaughlin,20,4852 Barnes Ford Apt. 157
661,Carolyn,Watson,23,31622 Brown Divide Suite 195
662,Jerry,Simmons,22,30500 Joseph Ville Suite 759
663,Logan,Lambert,24,45577 Singleton Squares
664,Frank,Nelson,22,53962 Park Landing Suite 015
665,Melanie,Brown,26,945 Jason Estates Suite 760
666,Linda,Perez,20,97465 Mark Islands Suite 523
667,Brian,Marshall,22,370 Levy Avenue Apt. 225
668,Abigail,Johnson,23,15530 Coleman Pike Apt. 386
669,Francisco,Wood,25,9591 Blake Ridges
670,Justin,Barton,20,35971 Amanda Ports
671,Jennifer,Sanders,20,6091 Aaron Spring
672,John,Walker,23,88296 Laurie River Suite 630
673,Lindsey,Elliott,20,979 Rodriguez Junction
674,Sharon,Murphy,20,2071 Bowman Street Suite 926
675,Amy,Ellis,22,362 White Corners Apt. 831
676,Benjamin,Romero,27,974 Mark Isle
677,Lisa,Anthony,22,9869 Kristen Prairie
678,Whitney,Rose,25,97276 Larson Islands Suite 287
679,Joshua,Skinner,18,32547 Linda Drive
680,William,Maxwell,26,0004 Fowler Shore Suite 595
681,Christopher,Johnson,19,25481 Michael Forks Suite 967
682,James,Camacho,21,870 Denise Harbor Apt. 976
683,Tammy,Davidson,18,818 Mccoy Parkway
684,Randy,Ortega,21,893 Brittany Springs
685,Cory,Hughes,25,1201 Santana Manor Suite 404
686,Henry,Quinn,20,9563 Lambert Loaf Suite 386
687,Shelly,Riggs,21,10901 Mary Port Apt. 769
688,Brandon,Olsen,18,0969 Roman Alley Suite 506
689,Darryl,Knight,25,09270 Nicole Tunnel Apt. 439
690,David,Miller,21,342 David Green
691,Benjamin,Rojas,20,4992 Thompson Valleys
692,Reginald,Ferguson,24,542 Adam Wells
693,Heather,Alexander,21,088 Neal Landing Suite 921
694,Benjamin,Smith,19,1005 Ruth Lodge
695,Elizabeth,Mejia,25,227 Emily Mission
696,Cynthia,Ford,27,14059 Kimberly Vista
697,Sabrina,Lewis,27,024 Scott Hollow Suite 464
698,Daniel,Moore,22,479 Johnathan Spring
699,Jason,Cole,25,129 Tina Skyway Apt. 935
700,David,Thomas,18,89280 William Corners Apt. 473
701,Kimberly,Huerta,21,3835 Travis Drives Suite 992
702,Jennifer,Vang,20,765 Matthew Field
703,Lisa,Parker,25,234 Bailey Springs
704,Douglas,Marshall,26,2468 King Ways Apt. 521
705,George,Myers,22,240 Delgado Throughway Suite 290
706,Maria,Atkins,23,698 Small Corners
707,Donald,Gallegos,24,7574 Allison Locks
708,Miguel,Torres,21,8768 Eric Underpass Suite 826
709,Tracy,Welch,21,716 Jorge Locks Apt. 600
710,Andrea,Mendez,21,281 Pearson Crescent Suite 570
711,Nathan,Tate,27,699 Bates Parkway Suite 050
712,Andrew,Moore,27,627 Katie Springs Suite 416
713,Alexander,Hicks,23,9642 Timothy Knolls Suite 357
714,Kimberly,Mack,23,219 Aguilar Mountain Apt. 635
715,Melissa,Hopkins,19,877 Gonzalez Turnpike Apt. 584
716,Hailey,Medina,23,27976 Joshua Center Apt. 943
717,Rebecca,Daniels,18,757 Horn Cape Apt. 907
718,Timothy,Smith,19,319 Max Lock
719,Edward,Riley,25,002 Bryant Spring
720,Veronica,Smith,22,6057 Harold Parkways Apt. 818
721,Cynthia,Smith,18,30841 Allen Spur Apt. 832
722,Patrick,Newman,27,291 Daniel Shore
723,Phillip,Walton,19,4239 Dale Villages Suite 208
724,Kristina,Johnson,23,3055 Lucas Views Apt. 567
725,Debra,White,25,978 Jason Union
726,Stephanie,Watts,21,24467 Walters Garden
727,Steven,Sullivan,24,1953 Stacy Cliffs
728,Emily,Medina,26,25200 Garcia Cliffs Suite 838
729,Lisa,Fischer,18,7791 Victoria Manor Suite 159
730,Matthew,Sanchez,21,96608 Archer Crossroad
731,Cody,Ball,26,02831 Carolyn Trail
732,Rebecca,Lane,20,776 Matthew Green
733,Mary,West,20,063 Valerie Station Suite 352
734,Lindsay,Adams,22,94731 Watson Mountain
735,Sonya,Simmons,19,8731 Denise Crest Apt. 829
736,Gloria,Smith,21,209 Amanda Fields Apt. 743
737,Kara,Jones,27,137 Ashley Pines Apt. 313
738,Mark,Mccarthy,22,3041 Anthony River Suite 444
739,Christopher,Farley,21,41377 Anderson Burgs
740,Erica,Cook,24,66253 John Meadow
741,Casey,Gordon,26,1586 Gray Park Suite 042
742,Lori,Walter,25,38393 Fisher Parks Suite 330
743,Dylan,Atkins,26,75157 Alexander Pike Suite 629
744,James,Wiggins,21,29109 Eric Spur
745,Alicia,Hill,27,3485 Tammy Mission
746,Julia,Griffin,22,2626 Amber Loaf
747,Danielle,Walsh,23,05348 Davis Court
748,Jennifer,Stein,24,4040 Penny Coves
749,Helen,Lewis,22,03439 White Centers Apt. 625
750,Destiny,Farley,20,2796 Baird Park
751,Barbara,Johnson,21,90998 Thompson Rue Suite 266
752,Taylor,Carpenter,21,7750 Teresa Hollow Suite 400
753,Amanda,Reynolds,18,6346 Alvarado Fall Apt. 054
754,Andrew,Bishop,24,41913 Grant Fall
755,Steven,Cortez,26,764 Young Street
756,Mark,Flores,21,36951 Castaneda Courts
757,Gary,Savage,27,6543 George Gardens Suite 455
758,Heather,Andersen,20,0488 Russell Estate
759,Marcus,Brady,27,67938 Tina Loop
760,Samuel,Stewart,26,58178 Lopez Walks
761,Kyle,Martinez,21,151 Simmons Loop
762,Nancy,Durham,20,75632 Miller Squares
763,Laura,Palmer,24,104 Clark Village Apt. 537
764,Dawn,Knight,23,12017 Smith Estates Apt. 452
765,Ryan,Becker,25,4170 Linda River
766,Amy,Newman,20,505 Garrison Island
767,Jason,Murphy,25,6295 Bradshaw Dam
768,Michelle,Hawkins,27,080 Ali Ferry
769,Kevin,Rowland,23,4324 Watson Plaza Suite 004
770,Jeffrey,Moore,18,84772 Eric Flat
771,Garrett,Garcia,23,389 Jennifer Valley Apt. 228
772,Andrea,King,21,0803 Maria Ramp
773,Alexander,King,23,45220 Espinoza Tunnel Apt. 685
774,Joseph,Sherman,24,2569 Matthews Creek Apt. 430
775,Harold,Greer,18,8606 Dickerson Drive
776,Latasha,Lara,20,10952 Andrew Lights Apt. 100
777,Cynthia,Valenzuela,23,511 Dominique Meadows
778,Sarah,Klein,26,37981 Michael Falls Suite 703
779,Scott,Howell,24,884 Kenneth Harbor
780,Karen,Martinez,19,59654 Gibbs Key Suite 164
781,Alexandra,Perkins,25,523 Phyllis Shoals
782,April,Reyes,22,9331 Tyler Rest
783,Erica,Ward,24,654 Owen Cape Suite 177
784,Jessica,Shelton,18,309 Valerie Loaf Apt. 633
785,Mary,Butler,19,7254 Lucas Inlet Suite 045
786,Theresa,Woods,22,5694 Thomas Ridges Apt. 836
787,William,Bailey,22,924 Christian Forest
788,Amber,Novak,24,792 Craig Club Suite 961
789,Claudia,Lee,24,98688 Saunders Track
790,Brianna,Williams,19,177 Kristy Alley Suite 299
791,Benjamin,Tanner,21,0581 Nunez Roads Apt. 046
792,Jack,Robbins,24,4557 Barajas Circle
793,David,Stevenson,27,79318 Williams Lodge Suite 324
794,Dennis,Nelson,23,345 Megan Estate
795,Steven,George,25,86074 Scott Oval
796,James,Torres,27,742 Chung Orchard Suite 998
797,Shannon,Lopez,26,217 Krause View Suite 512
798,Nicole,Patel,21,8371 Collier Ridges Suite 344
799,Stacey,Lang,21,316 Lopez Plains
800,Catherine,Wolf,18,95016 Rachel Knolls
801,Robert,Johnson,22,55431 Anthony Lights
802,Kelli,Peters,18,1528 Barrett Mill Apt. 346
803,Jason,Gonzales,18,0260 Parks Junction Suite 786
804,Gordon,Young,19,121 Roberts Port
805,William,Walker,21,2083 Johnson Terrace Suite 417
806,Calvin,Allen,24,96444 Amber Vista
807,Sandra,Glenn,21,497 Michelle Vista Apt. 872
808,Kari,Mcconnell,19,323 Serrano Trafficway
809,Morgan,Garcia,24,70619 Pamela Station Apt. 796
810,Timothy,Griffin,19,70599 Summers Walk
811,Katie,Walker,24,185 Craig Burg
812,Victor,Wilson,21,1444 Ferguson Ways
813,Francisco,Garcia,21,77088 William Summit Apt. 531
814,Veronica,Frazier,20,18112 Mills Roads
815,Michael,Crawford,23,46251 Eric Vista Apt. 787
816,Brian,Nichols,27,55446 Jonathon Rue Suite 222
817,Stephanie,Morgan,24,82181 Turner Light Suite 330
818,Larry,Thompson,19,470 Floyd View
819,Danny,Matthews,21,54185 Jefferson Plaza Suite 818
820,Mary,Owens,25,75421 Michelle Isle
821,Maria,Nicholson,21,085 Katie Curve Suite 928
822,Alex,Stevens,24,34517 Amber Pass
823,Mark,Powers,23,3811 Eric Orchard Suite 451
824,Andrew,Graham,23,9956 Ashley Circles
825,Robert,Ross,27,346 Schmitt Extension Apt. 957
826,Sandra,Turner,23,1534 Vargas Oval
827,Eric,Frank,25,7921 Smith Shore Suite 363
828,Christopher,Jacobs,26,7166 Diaz Track Apt. 819
829,Bianca,Hall,22,409 Lawson Drives
830,John,Boyle,21,257 David Estates
831,Martin,Maddox,19,8229 John Unions
832,Lisa,Wheeler,19,453 Misty Shore Suite 124
833,Jerome,Nicholson,21,8260 Shepherd Trail Apt. 936
834,Suzanne,Norman,23,3387 Fischer Gardens
835,Kristi,Bennett,27,3970 Morgan Causeway
836,Gregory,Moore,22,603 Schaefer Landing
837,Oscar,Chapman,19,35466 Donna Estates Suite 993
838,Cody,Walls,19,0289 Daniel Ridge Suite 877
839,Cheryl,Richardson,24,764 Woods Plains
840,Nicholas,Davis,21,186 Salazar Drive
841,Thomas,Fields,21,5041 Tonya Row Suite 633
842,Anthony,Jones,23,27368 Joseph River
843,John,Jackson,23,03668 Robert Port
844,Sara,Gonzales,19,28262 Friedman Canyon Suite 316
845,Lisa,Roberts,25,80081 May Extensions
846,Kristen,Marshall,20,01758 Cobb Ferry
847,Randy,Parker,21,5722 Hendricks Springs
848,Jake,White,27,331 Watson Mission Apt. 555
849,James,Thornton,21,5416 Simpson Light
850,Anna,Bird,25,4874 Scott Village
851,William,Cummings,23,978 Lawrence Road
852,Catherine,Dunlap,25,5132 Christina Knoll Apt. 486
853,Shawn,Sutton,24,64600 Simmons Well
854,Dana,Osborne,25,314 Nathaniel Mount
855,Elizabeth,Weaver,24,212 Livingston Gardens Apt. 172
856,Melody,Mcneil,26,7915 Roberts Pike Suite 801
857,Jessica,Wood,26,46496 Jennifer Grove
858,Michele,Collins,22,278 Manuel Ferry Apt. 991
859,Reginald,Gilmore,24,6610 Neal Tunnel Apt. 241
860,Chad,Jenkins,21,7684 Clarke Forges Suite 639
861,Kellie,Lopez,22,0429 Robert Station
862,Debbie,Elliott,25,0729 Richards Pass Suite 736
863,Amanda,Jones,18,2799 Robert Flat Apt. 610
864,Anthony,Fuller,25,300 Andersen Mill
865,Angel,Glover,18,8203 Bryant Walk Suite 677
866,Robert,Mitchell,21,172 Garcia Locks
867,Barry,Smith,25,3714 Miller Street Suite 293
868,Alexander,Morris,20,96783 Williams Courts Apt. 462
869,Monica,Lee,27,987 Charles Drives
870,Julia,Graham,27,689 Bell Ports
871,Derrick,Vargas,27,364 Daniel Circle Suite 831
872,Joann,Smith,18,499 Good Fall
873,David,Hernandez,20,220 John Mount
874,Chad,Williams,27,678 Garcia Harbors Suite 794
875,Adam,Gutierrez,21,32488 Burns Lodge Apt. 617
876,Julie,Henderson,21,07750 Shelton Green Apt. 667
877,Kristin,Flynn,25,994 Rodriguez Mall Apt. 575
878,Rebecca,Perry,18,513 Frank Estate
879,Nancy,Harrison,21,97411 Carroll Drive
880,Melissa,Boyer,22,9217 Melton Burg Suite 065
881,Antonio,Jackson,26,889 Gross Summit
882,Veronica,Lee,25,21775 Rebecca Ports Suite 009
883,Andrew,Rodriguez,20,8417 Jacqueline Crescent Suite 997
884,Vincent,Sellers,24,1400 Lauren Isle Suite 043
885,Andrea,Johnson,20,697 Simmons Mews
886,Christopher,Cooke,26,95449 Riley Pass
887,Bonnie,Weeks,18,779 Brown Forks
888,Sarah,Hernandez,18,24736 Tara Shoals Apt. 441
889,Paul,Mills,21,21175 Graham Groves Apt. 615
890,Heather,Newman,20,92427 Marcus Ramp
891,Barbara,Simpson,27,36436 Kevin Crossing Suite 330
892,Joseph,Valentine,23,286 Saunders Club Suite 299
893,Edgar,Williams,23,333 Lee Springs Apt. 578
894,Holly,Thompson,25,1268 Anderson Common
895,Dakota,Carrillo,25,765 Brittany Canyon
896,Michael,Lang,21,7726 Bullock Underpass
897,Catherine,Moore,20,2171 Charles Creek Suite 027
898,Emma,Harris,23,38076 Brooke Turnpike
899,Michael,Ferrell,19,67028 Shah Locks Apt. 561
900,Gabriel,Payne,26,98467 Michael Burgs
901,Jennifer,Chen,20,75936 Contreras Camp
902,Jeffrey,Davidson,24,661 Michael Ville
903,Jacqueline,Chavez,26,208 James Lodge
904,David,Taylor,22,43529 Davis Shore Apt. 331
905,Adrian,Blackburn,24,0077 Brandy Square Suite 273
906,Sean,Delgado,20,1368 Young Stream Suite 480
907,Sherry,Bradford,24,61400 Bryan Ways
908,Tara,Raymond,19,8662 Benjamin Mountain Suite 548
909,William,Shepherd,20,549 Melissa Throughway
910,Allison,Cross,23,2106 Lauren Haven Suite 579
911,Nicholas,Thompson,26,0832 Catherine Park
912,Jennifer,Baker,27,8743 Waller Field Suite 584
913,Jessica,Fox,18,818 Carter Squares Apt. 061
914,Billy,Humphrey,25,3978 Castro Centers
915,Justin,Murphy,19,22698 Rodriguez Freeway Apt. 750
916,Tracy,Fox,25,396 Lisa Parks Apt. 534
917,Wanda,Duncan,26,91045 Tanya Forges
918,Timothy,Young,20,903 Moore Parkway Apt. 815
919,Heather,Cox,18,852 Fernandez Mission
920,Michael,Chandler,19,8299 Anna Squares Apt. 115
921,Ashley,Walton,23,789 Huber Oval Suite 802
922,Hayley,Rodriguez,18,2759 Smith Burg
923,Andrew,Wagner,26,2900 Johnson Course Apt. 624
924,Dawn,Logan,26,36576 Torres Trail Suite 976
925,Amy,Sanchez,24,238 Miller Views Apt. 146
926,Daniel,Farmer,25,38562 Tyler Ports
927,Brittany,Doyle,24,2614 Andrea Inlet Apt. 046
928,Justin,Oliver,22,0576 Joseph Village
929,Melissa,Wright,21,045 Clark Ridges Suite 321
930,Crystal,Herring,20,654 Kelly Ports Apt. 789
931,Krystal,Gibson,26,51448 Shaw Vista Suite 214
932,Samantha,Smith,22,5909 Austin Fort
933,Howard,Taylor,18,217 Goodman Landing Apt. 024
934,Amanda,Odonnell,19,8217 Ryan Gardens
935,Janet,Whitehead,23,0264 Murray Fork Apt. 044
936,Jonathon,Stevens,24,477 Watson Burgs Suite 657
937,Joann,Henry,24,19709 Watkins Street
938,Spencer,Wallace,18,65515 Stephanie Canyon
939,Charles,Camacho,23,309 Margaret Square Apt. 594
940,David,Smith,25,827 Hansen Shoals Suite 924
941,Megan,Horne,22,6271 Cheryl Mews Apt. 655
942,Clayton,Wiggins,19,780 Daniel Lodge
943,David,Lyons,20,8229 Carmen Freeway
944,Dana,Williams,25,3747 Brianna Islands Apt. 099
945,Taylor,Brown,21,138 Miller Ports
946,David,Hill,19,175 Rachel Cove Suite 617
947,Elizabeth,Shah,20,3762 Annette Divide Suite 211
948,Christopher,Mora,19,24062 Christopher Shores
949,Lindsey,Torres,23,2401 Taylor Hollow
950,Ian,Hall,18,975 Kaufman Radial
951,Scott,Lopez,19,621 Arthur Street Suite 536
952,Gregory,Conner,21,10033 Ward Shores Apt. 284
953,Christopher,Rodriguez,23,78540 Kyle Gardens
954,Lonnie,Perez,19,379 Christopher Parkway
955,Mark,Burns,19,711 Clifford Street Apt. 260
956,Kayla,Grant,19,4606 Carol Hollow Apt. 919
957,Justin,Hernandez,19,75167 Gary Valley
958,John,Weeks,19,433 April Camp Apt. 937
959,Chelsea,Arnold,27,030 Pamela Park Suite 552
960,Kathy,Clay,24,03802 Chelsea Gateway
961,Jamie,Jackson,24,07251 Munoz Oval Apt. 870
962,Dustin,Schneider,20,208 Randy Gateway
963,Russell,Barber,18,5309 Maria Village
964,Aaron,Collins,24,070 Renee Station
965,Leslie,Reynolds,19,58114 Corey Streets
966,Denise,Hood,19,0077 Cordova Trail Suite 440
967,Craig,Bradley,19,3246 Robert Place Suite 812
968,Kaitlin,Chapman,21,1535 Evans Path
969,Shawn,Fuentes,24,844 Nelson Green
970,Justin,Gibbs,21,36761 Vega Avenue
971,Robert,Sanchez,21,03179 Brady Keys Apt. 958
972,Kim,Jones,25,18062 Randy Street Apt. 585
973,Sheila,Calhoun,25,385 Shari Avenue Apt. 981
974,Lauren,Glover,24,77883 Mcguire Junction
975,Stephanie,Jones,22,4357 Griffin Stravenue
976,Christopher,Lewis,23,405 Veronica Mews Suite 883
977,Holly,Anderson,18,679 Horn Street
978,Jennifer,Clark,21,6436 Michael Turnpike Suite 764
979,Jennifer,Roman,25,761 Tucker Green Apt. 394
980,Robert,Howell,25,61438 Reese Via
981,Catherine,Garrison,18,254 Mcbride Forks
982,Anthony,Snow,20,048 Carter Terrace
983,Rachel,Macias,19,409 Cline Squares Apt. 912
984,Julie,Rodriguez,18,58996 Hobbs Extension
985,Marcus,Norton,25,22148 Cynthia Underpass
986,Rebecca,Fox,24,40822 Kimberly Mountains Apt. 535
987,Jacob,Smith,26,74013 Turner Motorway Suite 395
988,Caleb,Clark,19,2715 Christina Mission Suite 207
989,Maria,Johns,26,019 Brian Bridge
990,Megan,Lewis,26,0026 Cook Mews Apt. 752
991,Kenneth,Gonzalez,25,33013 Kim Fords Suite 450
992,John,Dean,20,60418 Martin Skyway Suite 590
993,Randy,Richardson,24,9353 Jessica Road
994,Kristina,Garcia,22,455 Mccarty Shoal
995,William,Garrison,20,9866 Fritz Motorway
996,Daniel,Garcia,18,400 Baker Turnpike
997,Kathleen,Rhodes,20,665 Lauren Branch
998,Amy,Bruce,24,54265 Watson Inlet Suite 000
999,Bryan,Torres,26,4539 Barnes Spurs Suite 213
1000,Janet,Larson,22,9337 Cassandra Radial Apt. 554
1001,Craig,Hood,20,7444 Dominic Springs
1002,Maria,Salinas,25,72875 Pena Flats Suite 748
1003,Joseph,Flores,20,82106 Chapman Valley Suite 359
1004,Danielle,Duncan,18,458 Timothy Well Suite 756
1005,Kathleen,Andrade,27,92831 Smith Fort Suite 538
1006,Tina,Mills,27,475 Kevin Forge Suite 326
1007,Lisa,Walker,26,85236 Julia Mews
1008,Samantha,Dunn,25,0598 Patrick Dale Suite 141
1009,Megan,Nelson,21,860 Ian View Apt. 043
1010,Amanda,Mendoza,21,8823 Johnson Pines Suite 783
1011,Vanessa,Rowe,24,97133 Michael Ford
1012,Charles,Miller,23,243 Green Port Apt. 147
1013,James,Allen,20,9312 Amanda Orchard
1014,Lisa,Weber,26,304 Steven Locks Apt. 428
1015,Jamie,Hernandez,27,4217 Scott Curve Apt. 949
1016,Aaron,Duncan,27,313 Gillespie Brook Suite 920
1017,Jodi,Keller,27,65264 Stanley Ports
1018,Christy,Mccall,26,08888 Lopez Isle
1019,Timothy,French,26,439 Wise Mountain Suite 156
1020,Joseph,Doyle,20,55729 Stefanie Mills Apt. 845
1021,Brandon,Lopez,19,40129 Baxter Heights
1022,Nicholas,Curry,25,3663 Angela Points
1023,Nicholas,Wilcox,26,515 Joe Ville
1024,Matthew,Jackson,20,5084 Newman Lodge
1025,Cheyenne,Weaver,27,60515 Maureen Glens
1026,Heather,Welch,19,584 Michelle Parks
1027,Stephanie,Haley,25,97904 Perez Roads Apt. 781
1028,Paul,Duran,20,4374 Garcia Viaduct
1029,Nicholas,Mcintyre,25,67558 Hughes Center Suite 737
1030,Stephanie,Parker,26,2166 Richard Pines Suite 415
1031,Kevin,Sullivan,20,6945 Charles Track Suite 572
1032,Allen,Pratt,24,25188 Susan Turnpike Apt. 897
1033,Daniel,Colon,27,329 Rose Inlet
1034,Crystal,Johnson,25,5812 Ruiz Rapids Apt. 048
1035,Lori,Santiago,22,1652 Jennifer Spring Apt. 692
1036,Michael,Perez,26,53897 Kenneth Falls
1037,Seth,Smith,18,4293 Davies Vista Apt. 757
1038,Jacqueline,Bonilla,27,7994 Ware Ports
1039,Daniel,Parker,27,8066 Rivera Dam
1040,Grant,Norris,23,02609 Alexander Drive Suite 123
1041,Lydia,Shelton,18,18288 Katie Point
1042,Jacob,Olson,18,2275 Amy Wall Apt. 363
1043,Kevin,Peck,21,85079 Reynolds Ferry
1044,Michelle,Heath,27,644 Nichols Isle Suite 594
1045,Jonathan,Torres,25,8004 Spence Valley
1046,Jeffrey,Walton,27,5470 Gabrielle Cove
1047,Keith,Morris,27,72391 Moss Plains
1048,Kendra,Ramos,22,866 Young Village
1049,Kathryn,Bradley,18,3809 Perez Shore
1050,Melissa,Juarez,24,417 Samuel Centers
1051,Alicia,Lee,23,526 Johnston Rest
1052,Bradley,Alexander,25,19992 Kerr Terrace
1053,Charles,Scott,27,003 Alexander Via Suite 788
1054,Jeanne,Morgan,24,07901 Newman Throughway
1055,Cynthia,Lawson,22,6423 Williams Camp
1056,Adam,Walker,22,02391 Jacqueline Land
1057,Tammy,Ramirez,26,435 Jones Centers Suite 765
1058,Rachel,Baker,21,797 Miguel Plains
1059,Ashley,Smith,20,338 Jill Circles
1060,Zoe,Ramirez,20,167 Eric Club
1061,John,Gillespie,27,31668 Carol Harbors
1062,Jean,Martin,20,15774 Henry Orchard
1063,Heather,Parker,26,19107 Rodriguez Island
1064,Julie,Hernandez,18,25866 Madison Inlet
1065,Eric,Pierce,27,27541 Michael Tunnel Apt. 983
1066,Stephanie,Anderson,18,80062 Linda Well
1067,Trevor,Mack,22,018 Sarah Ramp
1068,Chase,Torres,20,31000 Brandon Parkway
1069,Zachary,Cross,21,73083 Smith Villages Apt. 934
1070,Michael,Smith,21,15463 Gary Plaza Apt. 432
1071,Bradley,Phillips,27,8605 Shelby Cliff Apt. 901
1072,Matthew,Rivera,25,839 Andrew Green Suite 019
1073,Victoria,Cruz,20,4390 Santiago Rapids
1074,Melinda,Roberts,26,26526 Barrera Forks
1075,Tiffany,Munoz,21,8252 Rosario Drives Suite 516
1076,Zachary,Mitchell,22,42108 Dalton Islands
1077,Jacqueline,Medina,18,392 Mahoney Throughway
1078,Morgan,Campbell,20,4423 Omar Lodge
1079,Daniel,Jones,18,917 David Canyon Suite 067
1080,David,Chavez,18,107 Collins Springs
1081,James,Lucas,27,6223 Garrett Glens
1082,Krystal,Herman,24,2406 Hannah Turnpike
1083,Anthony,Howell,22,72577 Brewer Landing Suite 708
1084,Alfred,Sanchez,18,64057 Ashley Rapid
1085,Sarah,Dorsey,18,545 Christopher Hollow
1086,Breanna,Lopez,25,2697 Jordan Course Apt. 471
1087,Thomas,Ramirez,18,17559 Michael Centers
1088,Christopher,Garcia,25,3105 Smith Unions Suite 599
1089,Jesse,Jones,18,17260 Williams Heights Apt. 011
1090,James,Clements,26,63626 Fields Trail Suite 038
1091,Steven,Wilson,19,730 Vargas Isle
1092,Edward,Sparks,20,801 Pierce Islands
1093,Lauren,Moyer,25,400 Rodriguez Circle Suite 471
1094,Kimberly,Gonzales,19,785 Rasmussen Viaduct Suite 149
1095,Angel,Alexander,18,2038 Cannon Cape Suite 573
1096,Michael,Henry,25,671 Joseph Stream Apt. 863
1097,Elijah,Spencer,25,337 Anthony Island Suite 237
1098,Alexa,Mann,25,1976 Tonya Hill Apt. 021
1099,Paul,Barnett,27,5156 Alvarez Key
1100,Steven,Brown,23,566 Kristina Motorway
1101,Gail,Petersen,27,2392 Vargas Mission
1102,Kim,Murphy,22,18382 Jones Brook
1103,Sharon,West,20,8780 Myers Roads Apt. 526
1104,James,Williams,19,29258 Manning Spring Suite 837
1105,Tina,Allen,23,230 Michelle Knolls Apt. 439
1106,Tammy,Kennedy,19,240 Rose Locks Suite 765
1107,Timothy,Weber,27,0985 Lopez Knolls
1108,Renee,Greene,20,770 Kevin Row Apt. 806
1109,Jerome,Mitchell,19,4524 Montoya Ferry Suite 811
1110,Brian,Tran,25,408 Maria Shores Suite 150
1111,Meagan,Hopkins,21,153 Warren Valleys
1112,Pamela,Turner,21,77761 Wright Trail
1113,Lindsay,Taylor,23,160 Allen Valleys
1114,Justin,Joseph,24,5600 Whitaker Well Apt. 394
1115,James,Day,21,92341 Marie Expressway Apt. 528
1116,Mary,Jones,27,886 Wolfe Shoals
1117,Justin,Cordova,25,006 Hall Walk
1118,Mark,Tran,23,57931 John Junction
1119,Nancy,Rose,21,075 Stevens Walk Apt. 656
1120,Shane,Myers,20,307 David Mall Suite 671
1121,Jennifer,Henry,18,5336 Mercer Vista
1122,Joseph,Parker,26,451 Petty Way Suite 650
1123,Kaylee,Whitehead,20,8873 Wilson Junctions Suite 406
1124,Joshua,Bauer,27,14916 Amy Courts
1125,Cory,Singh,23,389 Perez Street Apt. 955
1126,Lisa,Villarreal,22,355 Farrell Inlet Suite 398
1127,Eric,Travis,27,659 Walls Radial
1128,Kayla,George,26,9631 Betty Forge
1129,Thomas,Jones,26,3583 Smith Crossing
1130,Amy,Rice,25,85993 Robin Drive
1131,Clifford,Becker,22,22971 Stephens Meadows
1132,Craig,Cline,27,7819 Amy Landing Apt. 408
1133,Angela,Jones,19,17461 Christopher Gardens
1134,Virginia,Lynn,21,7181 Luna Groves
1135,Michael,Jones,24,7859 Maria Terrace Suite 103
1136,Brian,Rios,20,12183 Hopkins Lake
1137,Melvin,Ramirez,20,484 Ronald Rue Suite 779
1138,David,Hill,21,277 Johnston Shoals Suite 267
1139,Jennifer,Smith,24,10332 Hayes Forge Suite 416
1140,Courtney,Hopkins,24,369 Craig Freeway
1141,Anthony,Murphy,21,558 Miranda Port
1142,Billy,Stewart,20,847 Duke Plaza
1143,Chelsea,Warner,26,435 Goodman Alley
1144,Stacy,Mendoza,21,68345 Mckee Highway Apt. 593
1145,Karen,Wilcox,22,337 Hayes Manors Apt. 416
1146,Ronald,Brown,25,11209 Michael Square Suite 465
1147,Sherry,Owens,19,331 Tara Creek
1148,Matthew,Wood,24,21562 Randall Shoals
1149,Laurie,Velazquez,27,8462 Donald Park Suite 991
1150,Jennifer,Macias,20,15125 Joshua Knolls
1151,Chelsey,Thompson,21,2600 Kevin Row
1152,Amy,Shepherd,24,814 Reilly Coves
1153,Bailey,Miller,21,113 Samantha Crest
1154,Adam,Miller,26,3785 Taylor Forest Suite 740
1155,Travis,Santiago,21,06770 Randall Parkway Suite 431
1156,Mark,Rasmussen,22,2406 Jeremy Passage
1157,Kimberly,Hernandez,20,403 Laura Rue Apt. 907
1158,Elizabeth,Berg,22,558 Lin Fort
1159,Wendy,Morales,26,234 Gabrielle Fall
1160,Brittany,Perez,20,9417 Angel Forge Apt. 430
1161,Nancy,Cochran,21,871 Steven Way Apt. 188
1162,Spencer,Schultz,21,3114 Burke Turnpike
1163,Tracy,Schroeder,22,0819 Anderson Ramp Apt. 842
1164,Janet,Rhodes,21,644 Cindy Plains
1165,Christine,Conner,24,0164 Ricardo Dale
1166,Francisco,Hubbard,21,4652 Hayes Gateway Apt. 173
1167,Timothy,Horton,23,230 Daniel Falls
1168,Benjamin,Foster,23,48311 Sara Vista
1169,Heather,Jordan,27,7118 Davis Gardens
1170,Teresa,Wong,24,997 Judy Fields Apt. 627
1171,Karen,Brown,27,29184 Debra Vista
1172,Alyssa,Bond,18,982 Welch Highway
1173,Stephen,Ho,27,3027 Melissa Terrace Apt. 013
1174,Angela,Johnson,22,5204 Michelle Bypass Suite 155
1175,Michelle,Ramirez,24,3683 Matthew Skyway Suite 752
1176,Leonard,Lewis,24,5192 Laura Station Apt. 272
1177,April,Summers,21,24610 Smith Knolls
1178,Gary,Walter,18,67649 Mays Green Suite 216
1179,Emma,Briggs,21,36677 Kelsey Station
1180,Jesse,Long,21,38047 Lopez Lane
1181,Sonya,Dawson,24,60321 Ashley Path Suite 670
1182,Faith,Howard,20,537 Mclaughlin Plains Apt. 924
1183,Stephanie,Lopez,24,2271 Turner Parks
1184,Robert,Roach,20,500 Curry Dam
1185,Nathaniel,Miller,27,62419 Michael Mission Suite 934
1186,Amanda,Schroeder,23,3795 Bowman Rapid Apt. 197
1187,Jamie,Watkins,26,8370 Gonzalez Drives
1188,Kevin,Diaz,18,91748 Blevins Path Apt. 394
1189,Karen,Little,22,3592 Stacey Coves Apt. 331
1190,Kimberly,Williams,23,4513 Crystal Walk Apt. 274
1191,Philip,Walls,20,8812 Erik Route
1192,Madeline,Marshall,27,58788 Giles Corner
1193,Brian,Foster,26,36844 Christopher Garden
1194,Dylan,Crawford,23,3274 Ashley View
1195,Nicholas,Bruce,18,15357 Martinez Island Apt. 332
1196,Kaylee,Robbins,27,16553 Justin Motorway Suite 267
1197,Deborah,Alexander,19,2978 Ellis Mall
1198,Heather,Myers,23,526 Carol Radial
1199,Alan,Henry,23,378 Hall Fords Suite 857
1200,Mary,Wolfe,19,9267 Michael Mountains Apt. 723
1201,Rebecca,Vaughan,25,37320 Ibarra Pass
1202,Adam,Kirby,23,4442 Michael Village
1203,Kyle,Kirk,18,2866 Martin Orchard Apt. 471
1204,James,White,26,4604 Andrea Tunnel
1205,Crystal,Black,26,8301 Susan Spur Suite 498
1206,Alex,Tran,27,417 Morgan Ridges Suite 490
1207,Christopher,Johnson,24,3672 Lopez Glen
1208,Teresa,Ray,23,998 Bullock Place Apt. 998
1209,Amy,Anderson,27,61648 Gabriella Well Apt. 424
1210,Luis,Davis,26,4851 Lucas Mountain Suite 060
1211,Anthony,Taylor,25,738 Alan Greens
1212,Tamara,Sanders,25,453 Deanna Gardens
1213,Victoria,Williams,19,45845 Gray Inlet Suite 699
1214,Melinda,Kramer,27,1923 Kevin Centers
1215,Debbie,Lawson,27,2526 Adams Plain Apt. 902
1216,Todd,Peterson,25,8477 Parsons Views
1217,Sergio,Savage,26,7750 Chapman Ville Apt. 884
1218,Eric,Nicholson,21,105 Desiree Lights Apt. 577
1219,David,Lewis,18,7209 Faulkner Causeway Suite 159
1220,Keith,Mays,20,489 Christensen Lodge
1221,Keith,Olson,23,27353 Jackson Well
1222,Jason,Dean,27,430 Melanie Corner Suite 993
1223,Courtney,Clark,21,97376 Hanson Port
1224,Teresa,Phelps,25,891 Michael Island Apt. 393
1225,Jeanette,Turner,27,21030 Jefferson Port Suite 105
1226,Dawn,Torres,21,9028 Bryan Pine
1227,David,Bass,18,8971 Bell Course
1228,Mark,Peterson,24,378 Glen Mountains Suite 817
1229,Danny,Mccoy,20,159 Diane Shore
1230,Karen,Robinson,21,2521 Stephen Crossing Apt. 685
1231,Jeffrey,French,22,50339 Cook Keys
1232,Christopher,Gonzalez,26,863 Allen Divide
1233,Diane,Grant,24,82902 Robert Knoll Apt. 618
1234,Marie,Wells,23,23369 Justin Stream
1235,John,Wiley,25,34324 Alyssa Squares Suite 579
1236,Darrell,Soto,26,0633 Bailey Island
1237,William,Anderson,22,10544 Smith Shoals Suite 198
1238,Ivan,Ellis,19,230 Michael Streets Suite 884
1239,Colleen,Craig,27,7324 Greer Shoal Apt. 178
1240,Jason,Jones,19,34503 Solis Inlet
1241,John,Clements,27,936 Stewart Crossing
1242,Laurie,Lawson,26,29314 Williams Lock
1243,Michael,Johnson,18,6933 Merritt Walks Suite 814
1244,Jesus,Johnson,19,4184 Patrick Avenue
1245,Brad,Sutton,22,403 Palmer Greens Apt. 906
1246,Fernando,Gonzalez,25,09657 Kimberly Underpass
1247,Kristin,Alexander,23,6493 Donovan Village Apt. 302
1248,William,Valenzuela,24,11710 Erica Court Suite 628
1249,Maria,Taylor,25,145 Amy Overpass Suite 316
1250,Elaine,Duran,26,701 Linda Gateway Suite 050
1251,Travis,Torres,24,85420 Kevin Vista
1252,Deborah,Roberson,21,5676 Bradley Forge Suite 734
1253,Ricky,Nelson,23,9343 Martin Stravenue
1254,Clayton,Davis,27,3907 Sims Flats
1255,Mary,Taylor,21,646 Spencer Harbor Apt. 039
1256,Shaun,Jackson,27,503 Ricky Ridge Suite 412
1257,Kimberly,Burns,22,5431 Sherry Gardens Apt. 201
1258,Tiffany,Suarez,21,74058 Murphy Junction Apt. 974
1259,Dawn,Thompson,21,11211 Nicole Motorway Apt. 796
1260,Michelle,Scott,25,207 Patrick Dale
1261,Alison,Lee,27,20695 Cynthia Place
1262,Michael,Ferguson,19,859 Le Hill Apt. 355
1263,Morgan,Gaines,19,24763 Morgan Plains Apt. 944
1264,Danielle,Barker,19,908 Cook Springs Suite 857
1265,Jack,Robinson,23,2319 Hines Road
1266,Justin,Mercer,18,3592 Harvey Trace Apt. 583
1267,Justin,Barker,21,257 Joseph Road Suite 863
1268,Shelly,Gordon,20,49074 Joseph Fields Suite 828
1269,Charles,Garcia,19,4345 Brian Squares Suite 845
1270,Andrea,Howard,23,4169 Mackenzie Rapids Apt. 084
1271,Maria,Thompson,18,6035 Fisher Curve
1272,Jamie,Williams,25,5611 Bryant Lake Suite 905
1273,Thomas,Hoffman,27,392 James Island
1274,Sharon,Acosta,23,64280 Tina Hollow
1275,Jessica,Costa,27,356 Garrett Ports
1276,Grant,Harris,21,319 Lee Extensions Apt. 507
1277,Jonathan,Hood,22,668 Jodi Ford
1278,John,Brown,20,5695 Chung Hollow Suite 188
1279,Nathan,Bridges,21,9345 Cunningham Lake Apt. 587
1280,Lori,Wright,19,0937 Joseph Lake Apt. 305
1281,Jose,Martinez,26,651 Duran Estate Apt. 632
1282,Catherine,Reynolds,24,81546 Monique Shoal Suite 389
1283,Albert,Fuller,19,62274 Lindsey Crescent
1284,Robert,Horton,18,2540 Randolph Ports
1285,Brian,Ross,23,4648 Tina Lodge Suite 121
1286,Shaun,Young,19,6974 Holland Forks
1287,Tracy,Mckinney,20,563 Cheyenne Motorway Suite 480
1288,Carl,Wagner,20,039 King Locks
1289,Diane,Woods,18,36060 Miles Shores Suite 400
1290,Amy,Morse,23,21147 Brianna Mountains Suite 664
1291,Benjamin,Wu,18,8369 Smith Meadow
1292,Ruben,Barker,24,51860 Jackson Rapid Suite 349
1293,Kim,Bailey,24,78884 Timothy Coves
1294,Michael,Larson,22,73673 Carlos Ports Suite 230
1295,James,Lee,20,12919 Sanchez Branch Suite 012
1296,Brian,House,22,7365 Maria Loaf Suite 403
1297,Donna,Lopez,25,008 Walsh Hill Suite 201
1298,Stephanie,Barnes,22,87323 Antonio Fords
1299,Judy,Kerr,23,541 Carol Terrace Apt. 532
1300,Adrian,Perkins,22,70035 Escobar Turnpike Suite 240
1301,Kelly,Young,26,778 Holmes Estates
1302,Jennifer,Perkins,23,379 Jeremy Lodge
1303,Sharon,Daniels,26,764 Thomas Fork Apt. 222
1304,Colleen,Rodriguez,20,876 Steele Underpass
1305,Drew,Johnson,27,030 Hinton Crossing
1306,Debra,Santiago,26,23297 Donald Causeway
1307,Valerie,Green,21,9483 Harris Common Suite 240
1308,Jennifer,Woods,22,413 Jacobs Ways Suite 266
1309,David,Robles,23,261 Dyer Orchard
1310,Patrick,Morales,22,14482 Kelly Path
1311,Michael,Diaz,20,11939 Jessica Estates Apt. 756
1312,Jacob,Blackburn,18,6069 Michael Ports
1313,Devin,Simon,26,02438 Meyers Burg Suite 731
1314,Joseph,Dixon,20,188 Melvin Court Apt. 301
1315,Christina,Davis,21,1563 Wilson Courts
1316,Michael,Mitchell,20,385 Nicole Mountains Apt. 467
1317,Edward,Roberson,24,233 Harrington Mall
1318,Dillon,Wood,19,34075 Amy Lock Apt. 551
1319,Eric,Graham,25,21058 Wood Lake
1320,Paul,Mullins,25,00170 Griffith Stream
1321,Daniel,Hodges,25,773 Tonya Neck Suite 794
1322,Eric,Walter,22,098 Brown Station
1323,Andrea,Bates,27,455 Nelson Ranch
1324,Antonio,Gutierrez,20,75859 Luis Extensions
1325,Daniel,Cantrell,21,004 Peterson Flats
1326,Jessica,Rogers,19,310 Jefferson Crest Suite 928
1327,Anita,Mccoy,27,51132 Pamela Haven
1328,Jack,Johnson,25,4990 Zachary Crescent
1329,Jacob,Murphy,20,22619 Williams Branch Apt. 940
1330,Robert,Salas,18,9631 Luis Ford
1331,Patricia,Campos,19,3014 Jason Inlet Apt. 057
1332,Kelly,Watson,23,00588 Keith Ridges
1333,Mario,Spencer,21,30028 Riddle Key
1334,Jay,Burns,22,848 Christine Common Suite 824
1335,Charlene,Conner,27,664 James Canyon
1336,Vanessa,Peterson,27,38883 Michael Highway Apt. 876
1337,Robin,Sanchez,25,031 Carey Street
1338,John,Stafford,19,89319 Joshua Plains Apt. 277
1339,Lauren,Simmons,27,2391 Patricia Springs
1340,Jeffrey,Daniels,24,97504 Kyle Manor Suite 129
1341,Susan,Larson,27,07171 Schneider Isle Apt. 313
1342,Alex,Henson,23,97522 Melton Plains
1343,Emily,Adams,24,8243 Obrien Cape Apt. 931
1344,Jessica,Townsend,26,97119 David Cliffs Suite 931
1345,Jamie,Reyes,27,448 Frank Spur Apt. 571
1346,Tara,Ramos,20,14298 Roberson Road Apt. 234
1347,Debra,Smith,22,9124 Kristina Lodge Apt. 179
1348,Susan,Rivera,21,991 Richard Falls Apt. 282
1349,Cynthia,Rodriguez,24,51125 Richard Course
1350,William,Franklin,20,61173 Craig Ramp
1351,Elizabeth,Scott,27,9886 Harrison Falls Suite 436
1352,Matthew,Watson,20,196 Ortega Springs
1353,Brandon,Perez,24,10866 Austin Turnpike
1354,Andre,Garza,18,89770 Maria Turnpike
1355,Marc,Taylor,21,49214 Long Courts Suite 894
1356,Alejandra,Sweeney,19,056 Michelle Rapid
1357,James,Johnson,27,1060 Sarah Ways Apt. 694
1358,Jeremiah,Morales,25,132 Ashley Drives
1359,Daniel,Richard,23,706 Steven Creek
1360,Arthur,Acosta,20,1750 Stephanie Glen Suite 306
1361,James,Gordon,19,3760 Rebecca Village Suite 078
1362,Joseph,Escobar,18,587 Anna Cliff
1363,Amy,Sullivan,23,30065 Scott Lane
1364,Richard,Lopez,27,820 Thomas Lane
1365,Robert,Bailey,27,2091 Ramos Rest
1366,Rose,Mathews,20,77594 Nathan Crest Apt. 004
1367,James,Weaver,20,3461 Gregory Ports Suite 963
1368,Todd,Young,27,763 Faulkner Points Suite 030
1369,Teresa,Mcfarland,23,0913 Jennifer Forges
1370,Cynthia,Pugh,21,4225 Roger Spring Apt. 466
1371,Amanda,Gonzales,23,97293 Evans Circles Suite 650
1372,Aaron,Harris,19,04184 Justin Trail
1373,Phillip,Chapman,26,16511 Lowery Harbors Apt. 483
1374,Brenda,White,20,6105 Mcneil Loop
1375,Kathryn,Martin,22,166 Manuel Orchard
1376,Daniel,Summers,27,8792 Smith Port Apt. 679
1377,Natalie,Swanson,19,9897 Sharp Gardens
1378,Melissa,King,25,6084 Riley Parkway
1379,Leslie,Marsh,26,75349 Lee Greens Apt. 388
1380,Howard,Franklin,27,36580 Fernandez Parks Suite 997
1381,Jack,Roberts,18,4630 Veronica Stravenue Suite 976
1382,Andrea,Rodriguez,21,14807 Timothy Lane
1383,Samantha,Rose,18,906 Kline Unions Suite 188
1384,Luis,Pearson,25,84302 Peter Cove
1385,Angela,Davis,21,8058 Johnson Squares Suite 806
1386,Jennifer,Parks,24,2620 Michael Track
1387,Dillon,Galvan,23,958 Michael Streets
1388,Russell,Phillips,20,01005 Henry Track
1389,Spencer,Turner,24,0629 Katie Curve
1390,Matthew,Garcia,26,4667 Wendy Junction Apt. 420
1391,Dana,Morrow,22,9132 Colin Ways
1392,Sarah,Rose,22,98731 Matthew Hills Suite 610
1393,Corey,Villanueva,27,3025 Stephanie Field
1394,Edward,Stark,20,3160 Chavez Trace
1395,Kathy,Castillo,27,439 Corey Prairie
1396,Kylie,Clark,25,2654 Madeline Pike
1397,David,Bean,24,910 Porter Canyon
1398,David,Sanchez,25,09638 Garcia Vista
1399,Eric,Henderson,20,6898 King Extensions Apt. 162
1400,Russell,Roberts,22,2044 Joanna Lodge
1401,Stacey,Chapman,26,148 Stanley Vista Apt. 544
1402,Crystal,Glass,21,377 Martinez Ferry
1403,Robert,Bradford,22,117 Haney Mews
1404,Billy,Thompson,25,876 Wheeler Spurs
1405,Jesse,Stone,18,065 Rivera Alley
1406,Gregory,Hansen,19,51737 Vanessa Circles Suite 327
1407,Cindy,Potts,27,0015 Ashley Lodge Suite 701
1408,Thomas,Sullivan,20,48104 Cameron Extension Apt. 071
1409,Brittany,Johnson,26,148 Sean Loaf
1410,Randall,Guzman,18,83303 Taylor Fields Apt. 384
1411,Heather,Gilbert,19,100 Stark Branch Suite 866
1412,William,Mullins,23,3510 Rodriguez Keys
1413,Douglas,Jones,24,770 Wilkerson Squares
1414,Robert,Walker,20,00090 Morgan Plains
1415,Latasha,Andrade,18,3792 Barnes Unions Apt. 339
1416,Jasmine,Fitzgerald,26,7497 Wilkins Camp Suite 297
1417,Susan,Fleming,26,1852 Webb Overpass
1418,Jasmine,Turner,19,397 Washington Pine Apt. 819
1419,Denise,Monroe,27,55208 Hoffman Point
1420,Tracey,Allison,25,22774 George Spur
1421,Tristan,Nguyen,26,10017 Walter Crossing Suite 479
1422,Keith,Rios,24,520 Kevin Way Apt. 889
1423,Jessica,Simpson,20,08865 Rodriguez Ports Apt. 448
1424,Mary,Webster,20,04533 Christina Mission Suite 913
1425,Wyatt,Martinez,24,996 Reeves Gateway Apt. 292
1426,Destiny,Miller,21,59054 Francis Tunnel
1427,Johnathan,Perez,19,08016 Hoffman Fall Apt. 275
1428,Roberto,Castro,19,5588 Kevin Ranch Suite 261
1429,Kathy,Coffey,24,52126 Murphy Crest
1430,David,Webster,24,3038 Hunt Radial Apt. 971
1431,Audrey,Jackson,20,293 Green Inlet
1432,Xavier,Sparks,18,6706 Tyler Passage Apt. 098
1433,Brandy,Bowen,20,6449 Day Valleys
1434,Tracy,Adams,19,07515 Fowler Radial Suite 427
1435,Holly,Hill,26,847 Angela Forges
1436,Angela,Sweeney,27,15219 Veronica Ville Suite 448
1437,Sarah,Williams,25,15814 Mitchell Curve Suite 961
1438,Rebecca,Sullivan,22,8862 Collins Streets Apt. 026
1439,Jeffrey,Murray,19,486 Tyler Vista Apt. 576
1440,Anthony,Patrick,27,9515 Melissa Hills
1441,Vanessa,Williams,18,4321 Parks Skyway
1442,Jeffrey,Hawkins,19,25677 Alicia Place Apt. 257
1443,Bruce,Hansen,20,6565 Robin Burgs
1444,Patricia,Smith,23,30422 Ford Mountain Suite 297
1445,Lauren,Hayes,19,9301 Angela Corner
1446,Michael,Zuniga,23,0859 Joshua Station
1447,Anthony,Jackson,21,60645 Thompson Flat
1448,Elizabeth,Parks,21,2115 Thomas Lights
1449,Brian,Wilcox,27,47357 Alexander Centers Apt. 117
1450,Willie,Schaefer,24,493 Harrison Roads Suite 830
1451,Anna,Watts,26,79010 Perez Isle Suite 630
1452,Ricky,Hill,24,78219 Wright Rapid Apt. 352
1453,Terry,Gaines,27,2963 Adrian Summit Apt. 766
1454,Corey,Alexander,25,97191 Torres Hollow Suite 910
1455,Vicki,Munoz,26,281 Joshua Street
1456,Kyle,Werner,25,8501 Stout Turnpike Apt. 316
1457,James,Medina,23,5410 Hall Branch
1458,Larry,Chung,25,08455 Roberts Roads
1459,Kevin,Lambert,18,477 Rodriguez Fork Apt. 516
1460,Christopher,Moore,18,25151 Hurst Road
1461,Judy,Woodward,20,983 Ramirez Plaza
1462,Michael,Williamson,21,571 Tracy Loaf Suite 548
1463,Amanda,Brown,24,71612 Jordan Center Apt. 287
1464,Michelle,Arellano,21,80931 Carter Wells Apt. 512
1465,Christopher,Hughes,20,82150 Dean Burgs
1466,Matthew,Fernandez,27,848 Flynn Mission Suite 734
1467,Daniel,Moreno,19,7233 Gregory Groves
1468,Amber,Olsen,24,736 Marshall Lock
1469,Matthew,Blanchard,22,31289 Johnson Stream Suite 350
1470,Henry,Wallace,21,954 King Crossing
1471,Norma,Rowland,20,9789 Christy Fields
1472,Anthony,Williams,18,0992 Madison Valley
1473,Collin,Andersen,24,7804 King Spring Suite 842
1474,Greg,Hudson,18,2793 Michelle Station
1475,Marie,Martinez,27,4411 Tate Vista Apt. 811
1476,Martin,Brown,18,7202 Deborah Turnpike
1477,Eric,Simmons,23,6575 Owens Burgs Suite 729
1478,Katherine,Nicholson,27,326 Curry Shore
1479,Bruce,Thomas,25,1543 Morgan Common Suite 539
1480,Stephanie,Garcia,23,7686 Roger Overpass Apt. 545
1481,Michael,Taylor,24,153 Keith Stravenue Apt. 265
1482,Stephanie,Cummings,18,121 Megan Oval Suite 216
1483,Kenneth,Kaufman,25,327 Michael Route
1484,Kendra,Orr,19,51293 Caldwell Mountain Suite 651
1485,April,Walsh,19,363 Scott Lake
1486,Travis,Stanley,24,0028 James Canyon Apt. 167
1487,Kristen,Collins,25,6528 Sharon Common
1488,Debra,Dennis,26,469 Wang Meadow Apt. 731
1489,Amber,Wood,22,1824 Santiago Rapid
1490,Alejandro,Vazquez,18,56052 Torres Circle
1491,Matthew,Young,18,3415 Bauer Mall Apt. 419
1492,Brittney,Rose,23,6481 Garcia Mills
1493,Keith,Brown,20,2372 Smith Forges Suite 925
1494,Donna,Huffman,24,63191 Jessica Turnpike
1495,Christopher,Weber,23,0007 Amber Cliff
1496,Johnny,Woodard,21,797 Lucas Forge
1497,Christy,Brooks,18,281 Watkins Expressway
1498,Shane,Campbell,22,6360 Nathaniel Alley
1499,Jason,Roberts,21,611 Mary Ramp
1500,Justin,Knight,22,1471 Miller Islands Suite 626
1501,Lauren,Wallace,19,2179 Rhodes Prairie
1502,Tyler,Carroll,21,9772 Villa Lock
1503,Ann,Bond,20,80657 Michael Drive Suite 359
1504,Erin,Lewis,23,163 Collins Field Suite 494
1505,Keith,Shields,20,8801 Michael Crossing
1506,Benjamin,Jackson,21,649 Carla Wells Suite 225
1507,Amanda,Miller,27,25666 Anna Dale
1508,Jennifer,Hudson,19,192 Nelson Club
1509,Caleb,Meyer,20,0039 Smith Well Apt. 263
1510,Julie,Patel,27,41440 Rivera Rest Suite 449
1511,Kimberly,Ferguson,22,807 Cox Club Suite 713
1512,Ian,Anderson,25,586 Dominguez Ports Apt. 942
1513,Cheryl,Mcbride,18,903 Rodriguez Mountain Apt. 153
1514,Douglas,Sosa,20,014 Kristen Walk
1515,Michael,Peterson,19,961 Carter Locks Suite 211
1516,Anne,Johns,19,1073 Patricia Rapids
1517,Emily,Rodriguez,25,89010 Jeffrey Tunnel Apt. 215
1518,Pamela,Thomas,19,77618 Wilson Overpass
1519,Stacey,Caldwell,22,572 Brooks Pike Apt. 333
1520,Patrick,Edwards,23,756 Graham Walk Apt. 293
1521,John,Johnson,26,423 Herman Vista
1522,Shawn,Glover,20,5776 Margaret Turnpike
1523,Karla,Henderson,22,3979 Monique Alley Apt. 300
1524,Jake,Murray,26,7703 Anderson Spring
1525,Elizabeth,Estes,27,1153 Lane Rapids Suite 048
1526,Tammy,West,26,8385 Dean Vista
1527,Robert,Mcdonald,20,70569 Leblanc Mount
1528,James,Jones,19,5321 Kara Mill
1529,Wayne,Maxwell,25,5119 Compton Square Apt. 732
1530,Joel,Harrison,22,70968 Wright Walks
1531,Daniel,Lee,19,868 Helen Run
1532,Ann,Fitzgerald,24,85914 Rebecca Mountains Suite 653
1533,Kaitlin,Davis,25,25848 Kimberly Valleys Apt. 971
1534,Samantha,Rodgers,25,157 Harris Road
1535,Amanda,Clark,20,25812 Claudia Walk Suite 713
1536,Bradley,Melendez,19,829 James Trafficway Apt. 194
1537,Anthony,Farmer,21,9398 Hawkins Mission Suite 483
1538,Tara,Hartman,24,46160 Eric Curve Apt. 469
1539,Katie,Vazquez,19,8206 Luis Centers Suite 283
1540,Christopher,Johnson,20,8450 Laura Freeway
1541,Gregory,Gomez,25,266 Miller Lane
1542,Bryce,Shields,22,1252 Lindsey Road Suite 234
1543,Todd,Ferguson,23,82451 Hill Cape Suite 350
1544,Brent,Evans,25,85265 Mario Manor
1545,Marisa,Soto,20,49864 Jeffrey Skyway Apt. 622
1546,Stephanie,Conway,22,0639 Erin Plains Apt. 389
1547,Ross,Riley,26,9073 Michael Loaf Apt. 607
1548,Richard,Martinez,20,8691 Christine Mills
1549,Manuel,Brown,21,9379 Burke Crescent Apt. 000
1550,Daniel,Jones,22,054 Manning Road
1551,Stephanie,Lewis,21,190 Joseph Ramp Apt. 608
1552,Stephanie,Johnson,21,71517 Jordan Square Apt. 764
1553,Melissa,Cook,26,541 Haynes Highway Suite 325
1554,Anthony,Munoz,25,5257 Oconnor Lodge Suite 481
1555,Stephanie,Tucker,19,711 Gregory Row
1556,Andrea,Turner,25,162 Lawrence Club Suite 248
1557,John,Williams,21,9040 Michelle Terrace
1558,Shawn,Downs,21,656 Patrick Locks
1559,Isaac,Sloan,19,5834 Karen Forks Suite 967
1560,Nicholas,Thomas,20,8715 Evan Manor Apt. 494
1561,Ryan,Henson,19,28576 William Overpass
1562,Heather,Lawrence,25,1670 Catherine Walk Apt. 777
1563,Donald,Johnson,19,30198 Jane Centers Suite 253
1564,Lisa,Sharp,18,5825 Bonnie Harbor Suite 569
1565,Kristin,Ward,22,799 Kenneth Parkway Apt. 089
1566,Jeremy,Cochran,23,023 Gilmore Viaduct
1567,Jeffery,Miller,20,61134 Patton Plains
1568,Wanda,Gonzales,26,34663 Vanessa Streets Suite 722
1569,Stephen,Hopkins,18,9210 Julia Cape
1570,Robert,Garcia,23,7162 Alexandria Summit Apt. 520
1571,Alexis,Ward,27,88489 Mosley Run
1572,Craig,Rodgers,24,86536 Thomas Fields Apt. 190
1573,Christopher,Smith,22,35005 Charles Fords Apt. 733
1574,Peter,Gray,21,1947 Pruitt Skyway Suite 543
1575,Joshua,Lewis,24,35872 Copeland Shore
1576,Douglas,Barnett,19,7537 Brenda Ports
1577,Tammy,Evans,19,614 Lauren Corner Suite 170
1578,Samantha,Henry,24,63980 Hannah Plaza
1579,Chad,White,25,17488 Julia Expressway
1580,Tanya,Lane,25,64314 Harris Course Apt. 832
1581,Micheal,Ballard,18,144 Teresa Stream
1582,Taylor,Valdez,24,043 Melissa Knoll
1583,Amber,Rodriguez,27,3526 Fitzgerald Loaf
1584,Justin,Carpenter,26,8511 Wilkins Prairie
1585,Brett,Hess,26,122 Antonio Views
1586,Kathryn,Walker,20,44460 Alan Tunnel
1587,Timothy,Perez,20,82578 Daniel Overpass Suite 878
1588,Steven,Fleming,21,60601 Nicholas Shoal
1589,Mitchell,Morgan,27,49546 Daniel Brooks Suite 432
1590,John,Brooks,18,441 Arnold Fork
1591,Robert,Lee,24,6489 Eugene Mews
1592,Brent,Deleon,27,42310 Jones Gateway
1593,Kathy,Garcia,24,03395 Kimberly Extensions
1594,Adam,Robinson,24,00963 Murphy Roads Suite 659
1595,Carrie,Mitchell,21,241 Leah Way Suite 702
1596,Melissa,Mcintyre,27,4894 Nathaniel Forks Apt. 238
1597,Chad,Mckenzie,26,952 Regina Summit
1598,Amber,Oliver,26,43139 Baker Camp Apt. 823
1599,Christopher,Fry,23,09733 Stevens Island
1600,William,Haynes,24,325 Ariel Route
1601,Nathan,Collier,21,54074 Kerr Highway
1602,Phillip,Stewart,18,0497 John Camp Apt. 530
1603,Julia,Williams,20,71945 Mindy Light Suite 696
1604,Heather,Kelly,19,168 Cunningham Coves
1605,Chad,Roach,26,44759 Stafford Lakes
1606,Dustin,Levine,22,68786 Rebecca Mission
1607,Dana,Daniels,27,15022 Eric Ridge Suite 433
1608,Jordan,Hernandez,26,822 Johnson Corner Apt. 500
1609,Tina,Irwin,20,406 Ortega Causeway
1610,Stephen,Butler,24,3464 Rodriguez Light Suite 472
1611,Steve,Anderson,26,2205 Castro Causeway Apt. 582
1612,Jenny,Contreras,20,676 Rachel Glen
1613,Mark,Spencer,21,923 Kelly Unions
1614,Adam,Pearson,27,08168 Jill Keys Suite 636
1615,Travis,Nunez,21,584 Devin Mountain Suite 576
1616,Patricia,Murray,18,351 May Squares
1617,Curtis,Meyer,25,1203 Fields Tunnel
1618,Stacy,Chaney,19,802 Kathryn Route Suite 060
1619,Benjamin,Curtis,23,178 Victoria Rapid
1620,Sally,Stone,27,64367 Peter Via
1621,Gregory,Richardson,23,639 Ryan Drive Suite 190
1622,Shelby,Shaw,20,059 Lisa Motorway
1623,Kelly,Sanford,18,41503 Valerie Rue Suite 970
1624,Joseph,Mcconnell,25,7492 Dustin Ville Apt. 368
1625,Kathleen,Porter,21,376 Lisa Creek Suite 885
1626,Veronica,Whitney,25,803 Christopher Mews
1627,John,Bradley,23,7231 Dickson Heights Suite 916
1628,Nicholas,Moore,19,1228 Bennett Landing Apt. 373
1629,Joel,Maynard,27,750 Brandy Via
1630,Jamie,Caldwell,19,08505 Fuentes Parkways
1631,Brenda,Hicks,18,60081 Harris Route
1632,Deborah,Ward,20,5612 Neal Ridges Apt. 733
1633,Bobby,Chen,22,42976 Woods Creek Apt. 599
1634,Joshua,Larsen,24,4185 Heather Freeway
1635,Timothy,Lee,21,386 Melissa Well Suite 088
1636,Michelle,Christensen,25,139 Emily Junctions
1637,Cynthia,Jackson,19,96226 Khan Expressway Apt. 514
1638,Natasha,Kim,22,83504 Brett Burg Apt. 587
1639,Jason,Brown,24,475 Figueroa Loop
1640,Carrie,Gonzalez,18,5184 David Lodge
1641,Justin,Anderson,18,0054 Simon Flats Apt. 460
1642,Brianna,Price,23,969 Roberts Field
1643,Jenna,Francis,22,47912 Henson Drive
1644,Kim,Lin,19,58978 Wright Landing Apt. 190
1645,Martin,Gilbert,25,6961 Scott Islands
1646,Kathryn,Jackson,22,543 Hall Ports Suite 589
1647,Joshua,Thornton,21,9765 Krause Extensions
1648,Rachel,Martin,24,2282 Kari Inlet Apt. 753
1649,Michael,Mccarthy,21,51197 Mark Knolls Apt. 594
1650,Brandon,Mendoza,20,57230 Dorsey Motorway Suite 260
1651,Jennifer,Thompson,26,684 Boone Mountain
1652,Krista,Knight,21,284 Brown Center
1653,Dana,Ellison,25,1101 Gonzalez Knoll
1654,Kathryn,Garcia,20,229 James Light
1655,Diane,Charles,19,2740 Justin Pines
1656,Sierra,Johnson,20,434 Townsend Crest
1657,Jennifer,Scott,25,4158 Martin Meadow Suite 513
1658,Steven,Wood,22,0728 Kim Green Apt. 335
1659,Ariel,Rojas,25,900 Anderson Station
1660,Dawn,Thomas,18,743 Sherman Groves
1661,Michelle,Hernandez,26,24533 Gina Inlet
1662,Paige,Steele,26,985 Potts Shore
1663,Darlene,Mercado,25,60962 Thompson Brooks
1664,Brian,Cruz,27,841 Laura Hills Apt. 454
1665,Amy,Daniel,22,04190 Brett Orchard
1666,Miguel,Lindsey,26,16087 Keller Roads
1667,Kevin,Petersen,23,31524 Liu Haven Suite 845
1668,Sheri,Rivera,26,909 Miller Crossroad
1669,Casey,Wilson,20,849 Harrington Ranch
1670,Regina,Osborn,27,376 Miller Crescent
1671,Heather,Pope,19,27538 Lam Plaza
1672,Derrick,Weaver,24,1681 Cook Squares
1673,Krista,Cooper,23,201 Michael Row Suite 915
1674,Melinda,Rocha,26,020 Randy Groves Suite 212
1675,Glenn,Sanders,25,6120 Claudia Prairie Suite 199
1676,Kimberly,Diaz,26,585 Barr Stream Apt. 492
1677,Kimberly,Edwards,24,1171 Lynch Lights
1678,David,Brown,18,5568 Jordan Wall Suite 668
1679,Nicholas,Barnes,24,90305 Mark Harbors
1680,Paul,Stone,22,35458 Dennis Vista
1681,Kevin,Lewis,27,21944 Walter Knoll
1682,Carolyn,Brown,26,920 Brandon Canyon Suite 868
1683,Timothy,Santos,21,79458 Wilson Circle Suite 743
1684,Johnny,Deleon,18,044 Miller Lodge
1685,Mark,Rivas,23,35234 Brown Islands Apt. 754
1686,Linda,Martin,26,565 Jeffrey Estates
1687,Bryce,Roy,26,061 Brian Rapid Suite 468
1688,Brianna,Gallegos,19,39827 Dawn Park
1689,Dorothy,Alvarez,26,9911 Hunt Port
1690,Rachel,Freeman,23,0283 Samuel Station
1691,Richard,Schmidt,21,89881 Deborah Bypass
1692,William,Martinez,20,102 Nancy Turnpike Suite 705
1693,Angelica,Stewart,19,48162 Morris Trail Suite 032
1694,Michelle,Moreno,23,98096 Robinson Bridge
1695,Amy,Smith,25,696 Paige Inlet Apt. 674
1696,Laura,Collins,19,01618 Farmer Camp
1697,Peter,Gray,23,32345 Campbell Land Suite 081
1698,Christine,Ingram,27,0701 Yang Cape
1699,Tammy,Ramirez,23,8732 Kevin Rue Suite 179
1700,Brendan,Wilson,26,1209 Little Shoal Suite 243
1701,Matthew,Massey,22,2371 Karen Circles
1702,Michael,Walters,21,4948 Michael Viaduct
1703,Jose,Little,26,4077 Shawn Trace
1704,Amy,Miller,21,7732 Leah Valley Suite 337
1705,Karen,Torres,20,09021 Harrington Glens Apt. 644
1706,Brandi,Krause,18,2182 Dawson Highway Apt. 866
1707,Michael,Chan,27,70574 Hawkins Bypass Suite 311
1708,Kim,Harris,23,2081 Chloe Shore
1709,Laura,Ellis,20,3077 Stone Ports Apt. 781
1710,Brianna,Wilson,18,2552 Jessica Cliffs Suite 840
1711,Kimberly,Turner,25,4711 Cruz Valley
1712,Samantha,Murray,21,49479 Jackson Crossroad Apt. 736
1713,Paul,Rodriguez,25,22814 Taylor Heights
1714,Dana,Gibson,27,0255 Pitts Circle Suite 620
1715,Justin,Wade,22,72252 Sonya Forest
1716,Regina,Lindsey,20,126 Beth Islands Suite 006
1717,Shawn,Rivera,27,1993 Bruce Ridges Apt. 078
1718,Julie,Thompson,23,2281 Brian Street
1719,Brian,Ewing,22,878 Sparks Dam
1720,Nathaniel,Lamb,25,672 Klein Common Suite 984
1721,Jessica,Holmes,20,0008 Martin Island Suite 788
1722,Caleb,Garrett,19,78018 Sherry Canyon Apt. 386
1723,Amber,Russell,18,31534 Lori Light Suite 309
1724,Sara,Jones,21,2494 Earl Terrace Apt. 509
1725,Stephanie,Evans,26,97099 Amy Forges Apt. 684
1726,Jason,Thomas,26,3303 Carly Mountains
1727,Katherine,Hodges,22,2632 Andrews Circle Apt. 332
1728,Lisa,Duncan,19,65896 George Dale
1729,Paula,Hernandez,19,11968 Contreras Land
1730,Deborah,Perez,18,07740 Peck Shoal Suite 495
1731,Aaron,Yang,27,56094 Shawn Club Suite 966
1732,Jeffrey,Patel,26,556 Barry Fort
1733,Christopher,Ellis,20,002 Howard Row Apt. 802
1734,Paul,Mitchell,18,467 Michelle Forest
1735,Nathan,Woods,27,5317 Jessica Hollow Suite 355
1736,Claudia,Henderson,21,0255 Robert Highway
1737,Thomas,Morales,20,34524 Clark Grove Apt. 886
1738,Cassandra,Kidd,20,70977 Ellison Dam
1739,Lacey,Terry,21,1979 Karen Pike
1740,Aaron,Mitchell,23,85796 Dana Fork
1741,Sarah,Williams,18,846 Rachel Mill
1742,Gary,Morales,21,9689 Glass Extensions
1743,Joseph,Shepherd,27,474 Samantha Mews
1744,Scott,Martin,26,75202 Sara Keys Apt. 911
1745,Jennifer,Ramsey,27,4695 Laura Wall
1746,Scott,Davis,21,158 Edwards Expressway
1747,Robyn,Wilson,18,26486 Heidi Brooks Apt. 147
1748,Philip,Kramer,27,6638 Peters Shores
1749,Carrie,Armstrong,19,24535 Moore Stream Suite 153
1750,Kelly,Brown,25,63148 Valerie Center
1751,Adrian,Bryan,21,33008 Mendoza Camp Apt. 575
1752,Kelly,Colon,27,8843 Elizabeth Grove Apt. 652
1753,Ronald,Johnston,22,6857 Carpenter Creek
1754,Edward,White,25,56021 Long Throughway
1755,Catherine,Hill,22,551 Elizabeth Ridge
1756,Courtney,Cooper,22,859 Christopher Tunnel
1757,David,Yates,20,998 Shelby Roads
1758,Christopher,Garza,19,6335 Kenneth Locks
1759,Ruben,Barrett,24,30808 Mary Fords Apt. 417
1760,Anna,Frye,27,4115 Cannon Squares Apt. 239
1761,Craig,Nichols,25,554 Riddle Prairie
1762,Michael,Henry,20,2644 Edwards Streets
1763,Emily,Palmer,27,41875 Laura Hills Apt. 172
1764,Miguel,Hopkins,18,708 Roger Road
1765,Isaac,Ruiz,20,701 Jennifer Lakes
1766,Edward,Berry,18,6691 Carter Keys Suite 783
1767,Joshua,Liu,27,9747 Lori Route
1768,Marcus,Lee,18,77023 Bright Neck
1769,Felicia,Diaz,20,771 Hardy Spur
1770,Stefanie,Kaiser,18,6580 Amanda Alley
1771,Kayla,West,21,2130 Amanda Prairie Apt. 385
1772,Edwin,Scott,19,02154 Robinson Greens
1773,Amanda,Smith,25,04824 Danielle Rest
1774,Paul,Edwards,19,11828 Joshua Lakes
1775,Steve,Cox,25,897 King Corners
1776,Theodore,Vasquez,27,688 Bobby Unions
1777,Caitlin,Meyer,25,3077 Marie Via
1778,Matthew,Foster,19,741 Hector Mews Suite 759
1779,Joshua,Saunders,23,7829 Grimes Fords
1780,Joshua,Carpenter,18,014 Lewis Trail
1781,Kelsey,Zimmerman,25,68765 Potter Meadow Apt. 244
1782,Megan,Rodriguez,21,5159 Carlos Locks
1783,Jeffrey,Hood,26,798 Roberts Estates
1784,Thomas,Rosario,26,6560 Christopher Rest Suite 533
1785,Miguel,Davidson,20,720 Bean Knolls Apt. 725
1786,Pamela,Hicks,21,3394 Castillo Creek
1787,Cheryl,Leonard,26,28602 Dunlap Point
1788,Deanna,Allen,25,73317 Jonathon Stream Suite 792
1789,Joshua,Hall,22,65893 Ann Greens Apt. 436
1790,Cody,Henderson,21,6175 Sylvia Street Apt. 578
1791,Evan,Campos,23,51019 Dennis Green Apt. 669
1792,Timothy,Clark,20,494 Frey Forges Apt. 548
1793,Thomas,Shannon,27,0377 Daniel Estate Suite 787
1794,Melissa,Robinson,23,0147 Taylor Mall
1795,Daniel,Bruce,18,57658 Andrew Junctions
1796,Nathan,Young,27,0198 John Valley Suite 905
1797,Eddie,Johnson,24,91915 Douglas Isle Apt. 615
1798,Lauren,Nicholson,26,99947 Johnson Orchard Apt. 514
1799,Veronica,Johnson,25,92521 Kara Points Suite 524
1800,Emily,Ramos,27,329 Hernandez Circle Suite 431
1801,Nathan,Phillips,19,04159 Daniel Islands Apt. 521
1802,Joy,Tyler,27,35896 Shane Mountain
1803,Jasmine,Bailey,22,3105 Day Grove
1804,Kirk,James,21,527 Max Green Suite 846
1805,Gina,Thomas,20,85509 Melissa Spur Apt. 674
1806,Melinda,Cooper,20,66507 Taylor Land Apt. 046
1807,Larry,Mendez,19,53778 Shawn Lodge
1808,Amy,Johnson,20,93448 Dennis Park Suite 841
1809,Andrew,Mcdaniel,22,9484 Tucker Mills Apt. 888
1810,William,Oliver,22,4110 Sanchez Meadows Apt. 744
1811,Rachel,Kirk,24,70691 Chase Harbor Suite 936
1812,Mary,Trevino,26,99531 Stacie Row Suite 065
1813,Ashley,Rodriguez,22,646 Warren Neck Apt. 274
1814,Carolyn,Perez,19,88483 Luis Glens Suite 600
1815,Vanessa,Dawson,19,25288 Denise Centers Suite 616
1816,Ann,Gutierrez,21,134 Brown Avenue
1817,Katherine,Page,27,3595 Larry Heights Suite 756
1818,Brett,Curtis,20,671 Nichols Union
1819,Mark,Bautista,23,742 Roger Ranch Apt. 147
1820,Wendy,King,20,80681 Holmes Pines Apt. 408
1821,Veronica,Duran,21,0093 Maria Club
1822,Christine,Davis,20,7908 Cesar Square
1823,Timothy,Mason,20,6342 Morse Estates
1824,Kevin,Phillips,20,353 Michelle Union
1825,Roy,Hanson,18,0189 Sheila Ridge Apt. 897
1826,Pamela,Sanders,25,802 Jones Divide Apt. 490
1827,Brett,Moss,20,968 Waters Fords Apt. 547
1828,Michael,Ortiz,22,1856 Harvey Knolls
1829,Kathleen,Gibson,27,5817 Scott Village Apt. 796
1830,Leonard,Hart,20,31858 Ashley Streets Suite 139
1831,Whitney,Delgado,20,122 Blair Viaduct Suite 795
1832,Nancy,Wilkerson,23,72115 Stacey Ridge Suite 806
1833,Rachael,Sims,23,447 Matthew Island
1834,April,Rogers,25,037 Jones Passage Apt. 338
1835,Sara,Moran,19,895 Soto Summit Suite 261
1836,Veronica,Moreno,19,692 Robyn Loop
1837,Debra,Johnson,26,98925 Jessica Route
1838,Frank,Harper,18,480 Rhodes Tunnel
1839,Evelyn,Berry,25,6874 Kristi Estate Suite 380
1840,Matthew,Ray,20,975 Murray Heights
1841,Jonathan,Gonzalez,27,036 Jackson Shore Suite 456
1842,Megan,Evans,22,964 Katelyn Rest
1843,Eric,Rodriguez,25,317 Miller Road Suite 904
1844,Olivia,Cox,27,103 Jeanette Parkways
1845,Sandra,Baker,27,58665 Wheeler Spurs
1846,Susan,Gould,25,26277 Gina Skyway Suite 107
1847,Jacqueline,Ford,25,56897 Anthony Lake Suite 890
1848,Bryan,Johnson,26,9414 Price Vista Suite 080
1849,Scott,Perez,20,8458 Lewis Village
1850,Anthony,Hayes,19,044 William Mission
1851,Ashley,Warren,25,23940 Timothy Knoll
1852,Molly,Hansen,20,821 Poole Rest
1853,Katherine,Baker,20,4551 Thomas Cliff Apt. 692
1854,Susan,Maxwell,26,9803 Romero Shoal
1855,Ronald,Watts,23,2267 Michael Circles
1856,Kevin,Murphy,19,77155 Eileen Rest
1857,Adam,Kelly,23,204 Nelson Ridges Suite 087
1858,Kevin,Rivas,22,2814 Stevens Squares Suite 963
1859,Brett,Brown,25,426 Joseph Glen
1860,Carly,Fields,26,4461 Anthony Rapids Suite 517
1861,Jonathan,Gallegos,25,89175 Phillips Fords
1862,Lauren,Park,22,11449 Williams Islands
1863,Megan,Johnson,24,551 Braun Lock Suite 121
1864,James,Evans,20,56942 Velazquez Curve Apt. 629
1865,James,Lee,22,26669 Johnson Stream Apt. 492
1866,Jamie,Spence,19,1657 Powell Hill Apt. 955
1867,Jasmin,Beck,26,31277 Amanda Bypass Apt. 112
1868,Catherine,Craig,27,8225 Colin Unions Apt. 501
1869,Lisa,Osborne,22,364 Reeves Canyon Apt. 085
1870,Maria,Smith,23,05402 Bowers Alley
1871,Sean,Acevedo,26,032 Bradley Port
1872,Angelica,Krueger,27,82321 Melissa Roads Apt. 971
1873,Daniel,Walker,21,4283 Mahoney Crest Suite 924
1874,Andrea,Mcintosh,18,2831 Townsend Spring Suite 656
1875,Emily,Martin,21,3812 Christie Terrace Apt. 166
1876,Anne,Gonzales,25,7573 Samuel Shoal
1877,Kimberly,Alvarez,27,13207 Davis Skyway
1878,Anthony,Marshall,21,96747 Clark Manor
1879,Erik,Barton,19,8040 Miranda Plains
1880,Patricia,Wright,23,07751 Mackenzie Vista Apt. 202
1881,David,Santiago,18,01100 Anna Mountain
1882,Kevin,Turner,27,64611 Lowery Summit
1883,Thomas,Johnson,26,744 Jennings Crossroad Suite 148
1884,Amanda,Owens,21,120 May Squares
1885,Jennifer,Nguyen,20,24406 Michelle Viaduct Suite 601
1886,Brian,Richards,22,892 Lauren Vista Apt. 939
1887,David,Morales,19,8702 Kevin Estates Suite 683
1888,Jodi,Bush,26,440 Simpson Summit Apt. 637
1889,Jonathan,Rodriguez,25,358 Cunningham Station Apt. 873
1890,Carolyn,Garcia,24,26157 Danielle Springs
1891,Carlos,Lee,26,226 Taylor Land Apt. 184
1892,Melissa,Young,27,7992 Thomas Plains Suite 685
1893,Tracy,Campbell,18,95215 Matthew Orchard Apt. 076
1894,William,Ware,22,4385 Oconnor Inlet Apt. 103
1895,Ricky,Dean,19,064 Kimberly Port Suite 474
1896,Alexandra,Webb,26,709 Mckenzie Locks Apt. 440
1897,Morgan,Molina,21,63618 Daniel Shoal
1898,Joshua,Sparks,25,56538 Berg Mountain Apt. 631
1899,Bradley,Torres,22,59586 Shawna Crest
1900,Alicia,Pierce,25,9044 Karen Loaf
1901,Collin,Cline,19,2827 Le Pass Suite 999
1902,Shelley,Lopez,18,466 Kristen Greens Apt. 450
1903,Amanda,Cunningham,23,60305 Ariel Hollow Suite 372
1904,Tracy,Hernandez,23,3608 Pierce Summit Apt. 326
1905,Diane,Thompson,23,72076 Lori Causeway Suite 829
1906,Kellie,Roberts,18,91531 Jeffery Lock Apt. 408
1907,Alexis,Cowan,19,9122 Dunn Place
1908,Kevin,Dixon,24,4424 Nicholas Ridge Suite 834
1909,Crystal,Byrd,25,6250 Justin Brooks
1910,George,Sharp,24,044 Robbins Spurs Suite 591
1911,Marissa,Romero,26,283 Vasquez Trail
1912,Justin,Lopez,20,62831 Anderson Creek
1913,Megan,Lewis,18,25514 Candace Row Apt. 455
1914,Jamie,Obrien,23,75838 Henderson Mill
1915,Rhonda,Mccormick,22,32281 Martinez Garden
1916,Cynthia,Wilson,20,4081 James Haven Apt. 561
1917,Dustin,Garcia,24,096 Kelley Burgs Suite 044
1918,Matthew,Martinez,27,62483 Alvarez Glen
1919,Teresa,Turner,20,083 Matthew Streets Apt. 205
1920,Richard,Smith,22,52301 Nichols Coves
1921,Sydney,Jordan,21,5165 Sparks Hills
1922,Kayla,Kelly,23,981 Alicia Junctions Suite 443
1923,Derek,Taylor,24,3023 Sarah Corner Suite 387
1924,Adam,Chang,21,8734 Hopkins Squares
1925,Jennifer,Moreno,20,85809 Jeremy Drive
1926,Timothy,Williams,19,02345 Davis Vista Suite 044
1927,Lisa,Santiago,21,28975 Murphy Mountains Apt. 975
1928,Ronald,Wong,20,3238 Sims Knolls Apt. 029
1929,Carla,Hicks,18,966 Williams Point
1930,Karen,Rhodes,22,098 Tyler Street
1931,Charles,Donaldson,26,584 Phillips Expressway Apt. 746
1932,Samantha,Espinoza,26,400 Johnson Fort Suite 400
1933,Joseph,Gonzalez,20,06826 Johnson Cape
1934,Wesley,Young,18,95387 Anderson Hills Apt. 398
1935,Emma,Hansen,27,535 Kenneth Parks Suite 300
1936,Mary,Rose,25,63023 Davis Ville
1937,Paul,Dillon,21,85082 James Land
1938,Brandon,Vazquez,21,1225 Alison Tunnel Apt. 168
1939,Cody,Brown,21,51658 Angela Way Apt. 406
1940,Tyler,White,19,3921 Maria Bridge
1941,Valerie,Barker,26,61027 Porter Stream
1942,Robert,Velez,25,418 Lutz Falls Apt. 259
1943,David,Hinton,27,8137 Porter Forges Suite 614
1944,Caleb,Roberts,19,08578 Sharon Place Apt. 030
1945,Sarah,Marquez,24,4446 Dunn Fords
1946,Daisy,Duke,19,5301 Armstrong Prairie
1947,Craig,Cobb,27,86179 Michael Loaf Apt. 033
1948,Kevin,Palmer,24,0047 Daniel Roads
1949,John,Osborne,24,939 Jones Branch Apt. 751
1950,Michael,Coleman,25,9306 Fox Corners
1951,Edward,Robinson,26,8067 Pamela Key
1952,Taylor,Abbott,21,311 Kimberly Gateway Suite 434
1953,Susan,Herrera,25,461 Holly Plaza Apt. 703
1954,Tara,Lang,23,906 Holly Brooks
1955,Brianna,Perez,26,900 Bell Ferry Apt. 406
1956,Craig,Huff,18,76690 Thompson Trail
1957,Rachel,Vaughn,26,2405 Mary Wells
1958,Cole,Wright,26,9991 Zachary Drive Apt. 390
1959,Carrie,Dickson,20,79888 Anthony Ports Suite 965
1960,Haley,Crawford,24,3200 Rodriguez Radial Apt. 748
1961,Duane,Harmon,24,9501 Johnson Ridges Suite 755
1962,Tiffany,Perry,26,183 Martin Branch Suite 562
1963,James,Oliver,18,946 Jones Neck Suite 504
1964,Cynthia,Taylor,21,576 Seth Junction
1965,Laura,Maynard,21,659 Sierra Fall Apt. 105
1966,Michael,Freeman,19,7448 Lynch Mount Suite 374
1967,Jason,Nelson,19,457 Kayla Lodge Suite 689
1968,Gerald,Rowland,20,43869 Monica Field Suite 610
1969,Gregory,Byrd,22,077 Sanchez Stravenue Apt. 486
1970,David,Brown,21,249 Wilson Pike Apt. 425
1971,Leah,Wright,18,2069 Barry Mills
1972,Charles,Smith,21,7055 Lawrence Forge
1973,Kaitlyn,Mitchell,23,895 Amy Port Apt. 406
1974,Lori,Ramirez,18,161 Cox Burg Suite 725
1975,Jennifer,Green,19,97007 Elliott Square Apt. 049
1976,Kimberly,Reid,27,05771 Christina Summit
1977,Derek,Roberts,19,3700 Kent Mall
1978,Julia,Lewis,20,4687 Angela Estate Suite 352
1979,Billy,Park,26,2296 Webb Cove
1980,Mackenzie,Collins,20,488 Miller Greens
1981,Jason,Hunter,21,6299 Thomas Field Suite 389
1982,Courtney,Collins,25,974 Murphy Row
1983,Drew,Brown,19,90570 Sarah Road
1984,Jonathan,Hill,24,72500 Robertson Parkways Apt. 018
1985,Jamie,Brooks,27,7138 Johnson Plains
1986,Tyler,Baker,20,4078 Campbell Villages Apt. 915
1987,Sara,Williams,19,6417 Gray Views Suite 141
1988,Natasha,Holland,24,6689 Walker Divide
1989,Timothy,Tucker,19,800 Travis Ford Apt. 618
1990,Courtney,Jackson,18,3283 Harvey Spurs Apt. 504
1991,Michelle,Johnson,24,642 Bonnie Gardens Apt. 708
1992,Christopher,Byrd,20,3925 Hunt Highway
1993,Cheryl,Carson,19,11743 Bradley Coves Suite 299
1994,Christopher,Martin,25,7402 Karen Squares
1995,Howard,Martinez,21,062 Amanda Islands Suite 945
1996,Nicole,Knox,27,7528 Peterson Drive
1997,Paul,Rose,22,08059 Newman View
1998,James,Medina,20,17853 Michelle Forest Suite 479
1999,Kimberly,Strickland,18,71804 Faulkner Ranch Suite 530
2000,Steven,Lee,26,34090 Amy Trace
